{
"type": "FeatureCollection",
"name": "macrorregioes_saude_al",
"crs": { "type": "name", "properties": { "name": "urn:ogc:def:crs:OGC:1.3:CRS84" } },
"features": [
{ "type": "Feature", "properties": { "NM_MACRO": "Macrorregião I" }, "geometry": { "type": "Polygon", "coordinates": [ [ [ -36.866168071999923, -10.058236286999961 ], [ -36.865472536999924, -10.058344022999989 ], [ -36.862990848999935, -10.059264354999936 ], [ -36.821663794999921, -10.074597452000017 ], [ -36.818331149999956, -10.08024203599996 ], [ -36.815959887999952, -10.087916956999937 ], [ -36.813360711000016, -10.091830334999901 ], [ -36.809026898999903, -10.093679637999969 ], [ -36.80644558700002, -10.0942878099999 ], [ -36.803974056999984, -10.096212660999942 ], [ -36.801915117999975, -10.100263659999925 ], [ -36.800384868999927, -10.101914594999922 ], [ -36.795419903, -10.10338756599994 ], [ -36.793455462999908, -10.104407044999913 ], [ -36.789559531999963, -10.105360146 ], [ -36.78763521, -10.107613776999941 ], [ -36.786886947999989, -10.110463039999967 ], [ -36.786149459999898, -10.111482276999922 ], [ -36.784143844999953, -10.112417144999913 ], [ -36.782168637999952, -10.112414404999953 ], [ -36.77004281499994, -10.12409911999988 ], [ -36.768556677999989, -10.122611161999956 ], [ -36.767499624999928, -10.119550212 ], [ -36.767276480999939, -10.117308901999916 ], [ -36.766988467, -10.114418377999939 ], [ -36.76608317099997, -10.111753555999897 ], [ -36.761188442999988, -10.10538408499993 ], [ -36.76066824199993, -10.104707720999922 ], [ -36.759692898999965, -10.103718317999949 ], [ -36.758243223999926, -10.102247745999954 ], [ -36.756277884000028, -10.101949793999905 ], [ -36.752635550000015, -10.098897369999943 ], [ -36.751440505999902, -10.096383850999896 ], [ -36.751141705999963, -10.093853717999895 ], [ -36.745678298, -10.088691033999947 ], [ -36.743840597, -10.087549927999945 ], [ -36.739053266000028, -10.087151387999921 ], [ -36.737672025999963, -10.086483112999961 ], [ -36.735608067999983, -10.084054571999928 ], [ -36.735230666999932, -10.082657248999954 ], [ -36.735142074999978, -10.082140458 ], [ -36.735121960999912, -10.081225795 ], [ -36.73508806499995, -10.079684431 ], [ -36.735080104999909, -10.0793224509999 ], [ -36.732051193999943, -10.075097986999953 ], [ -36.728780808999979, -10.072445353999942 ], [ -36.726888069999958, -10.065641751999937 ], [ -36.714382547999975, -10.053840571999967 ], [ -36.713951029999976, -10.045493390999965 ], [ -36.713119877999951, -10.045727144999946 ], [ -36.712702130999936, -10.044363972999953 ], [ -36.71250148099994, -10.04370922499996 ], [ -36.712435010999947, -10.043492321999953 ], [ -36.712003958, -10.042085732999922 ], [ -36.711952602999915, -10.041918154 ], [ -36.711485626999909, -10.040394344999953 ], [ -36.705109650999937, -10.019588604999946 ], [ -36.705257388999904, -10.017401298999978 ], [ -36.706851092999962, -10.01101026 ], [ -36.706233884999968, -10.005663569000017 ], [ -36.706940477999986, -10.000592586999929 ], [ -36.706848980999965, -10.000360936999947 ], [ -36.706025492999956, -9.99827609499993 ], [ -36.705501955999978, -9.997493031999976 ], [ -36.700151015999907, -9.989489552 ], [ -36.685687685999937, -9.962678450999945 ], [ -36.685475625999977, -9.965252332999924 ], [ -36.681385853999984, -9.967507867999942 ], [ -36.678846088999897, -9.967810639999946 ], [ -36.676611313999913, -9.96838247099992 ], [ -36.675606792999929, -9.969556219999959 ], [ -36.671280096999965, -9.972519824999942 ], [ -36.665583712999911, -9.974672416999969 ], [ -36.658807425999946, -9.979041428999974 ], [ -36.653829261999896, -9.983039525999931 ], [ -36.648781621999966, -9.984659616999952 ], [ -36.646606213, -9.986180196999911 ], [ -36.647218318999933, -9.986695110999971 ], [ -36.647085037999922, -9.987964849999958 ], [ -36.647027596999962, -9.988514824999989 ], [ -36.643505441999949, -9.992316379999938 ], [ -36.643024389999937, -9.993731637999886 ], [ -36.644694374, -9.995929297 ], [ -36.646252041999922, -9.996689881999959 ], [ -36.648611445999919, -9.996701954999892 ], [ -36.649803452999954, -9.999373201999934 ], [ -36.653088496999978, -10.000981751999976 ], [ -36.654029419999937, -10.005655277999953 ], [ -36.65322529900002, -10.006847352999909 ], [ -36.650884975999915, -10.007503389999922 ], [ -36.647467052, -10.006987716999976 ], [ -36.647111955999925, -10.007100818 ], [ -36.646054068999973, -10.007988995999956 ], [ -36.646161949000017, -10.010039390999964 ], [ -36.648153055999913, -10.011925719999986 ], [ -36.650287232999929, -10.017137234999979 ], [ -36.650663396999967, -10.018057258999896 ], [ -36.652162084999887, -10.0173939109999 ], [ -36.653940924999986, -10.014266189999926 ], [ -36.654725302999964, -10.013519426999956 ], [ -36.65521976900002, -10.014581422999985 ], [ -36.655632021999935, -10.018996401999974 ], [ -36.651605078999985, -10.024342681999926 ], [ -36.651611007999946, -10.026933981999925 ], [ -36.651859900999931, -10.027709010999926 ], [ -36.65428172699994, -10.029219350999924 ], [ -36.657061594, -10.033412371999933 ], [ -36.657785802999967, -10.034214696999971 ], [ -36.654107565999922, -10.034460307999954 ], [ -36.641763234999949, -10.035008167999898 ], [ -36.578536960999955, -10.037813218999908 ], [ -36.517216173999969, -10.040519373999906 ], [ -36.515239533999939, -10.044344285999923 ], [ -36.51582755, -10.046279180999967 ], [ -36.515069809999929, -10.04932126099996 ], [ -36.512611130999979, -10.049872496 ], [ -36.510578862999957, -10.055946830999979 ], [ -36.509657646999941, -10.062325812999934 ], [ -36.51018804499995, -10.065443349999953 ], [ -36.509582364000018, -10.068618559999948 ], [ -36.507517222999944, -10.069185983999912 ], [ -36.501519346, -10.070834044999938 ], [ -36.500164756999915, -10.069728008 ], [ -36.497549149999948, -10.070961058999966 ], [ -36.494160982, -10.07064300099994 ], [ -36.491361328, -10.071094237999972 ], [ -36.479611452, -10.058564315999924 ], [ -36.454951935999908, -10.032269936 ], [ -36.45552746700001, -10.031314710999922 ], [ -36.455858522999954, -10.030155781999955 ], [ -36.456195211999926, -10.02983344299993 ], [ -36.45666174599998, -10.029969589999915 ], [ -36.457140221999964, -10.030236203999948 ], [ -36.457606703999915, -10.030241620999952 ], [ -36.458190128999959, -10.029423561999945 ], [ -36.459277574999966, -10.029745216 ], [ -36.460158302999915, -10.030236493999972 ], [ -36.461242731999938, -10.030563191999914 ], [ -36.463444199, -10.030381899999924 ], [ -36.464798105999947, -10.030510969999945 ], [ -36.465245419, -10.030664322999932 ], [ -36.466360815000016, -10.030828081999982 ], [ -36.467049363999962, -10.03076593 ], [ -36.47099581899991, -10.030876278999886 ], [ -36.471494499999963, -10.030646940999915 ], [ -36.471858343999955, -10.030147578999987 ], [ -36.47205223000001, -10.029665598999898 ], [ -36.473635257999987, -10.029303176999932 ], [ -36.47394400699995, -10.028808813999973 ], [ -36.473665886999946, -10.028256220999904 ], [ -36.473781383, -10.027804039999971 ], [ -36.474243949, -10.027533901999913 ], [ -36.476187507999953, -10.027390536999953 ], [ -36.477803273999967, -10.027557883999943 ], [ -36.479539354999908, -10.027548611999975 ], [ -36.481121779, -10.027147133999975 ], [ -36.482833262999954, -10.027136599 ], [ -36.483517239999969, -10.027041263999919 ], [ -36.48474932599995, -10.026516429999926 ], [ -36.485055324999955, -10.02608769399998 ], [ -36.485443524999923, -10.02585706 ], [ -36.486853699999983, -10.023814669999936 ], [ -36.487828957999938, -10.022037769999908 ], [ -36.487997122, -10.020633150999952 ], [ -36.488165148999954, -10.020089201999976 ], [ -36.488492735999969, -10.019616510999946 ], [ -36.488443187999955, -10.018993178999974 ], [ -36.48793821000001, -10.018907957999939 ], [ -36.487525380999955, -10.018610051999893 ], [ -36.487576806999947, -10.01685492899998 ], [ -36.48796461, -10.016449348 ], [ -36.487825578999924, -10.015973898999913 ], [ -36.487276876999914, -10.015176467999925 ], [ -36.486883740999893, -10.014836268999932 ], [ -36.485915029999944, -10.013358740999895 ], [ -36.485741294999954, -10.012701449999955 ], [ -36.485477263999961, -10.012157363999968 ], [ -36.485269781999932, -10.011317409999926 ], [ -36.484704882999914, -10.010366790999964 ], [ -36.483130539999948, -10.008889933999981 ], [ -36.482466572999989, -10.008657314999919 ], [ -36.482195975999979, -10.008132824999954 ], [ -36.481831369999924, -10.006615671999924 ], [ -36.481531316999963, -10.006210918999919 ], [ -36.48105201, -10.005182386999905 ], [ -36.480971783999941, -10.004320297999985 ], [ -36.480500015999986, -10.00262632699998 ], [ -36.47935500200002, -10.001694138999945 ], [ -36.479021244999934, -10.001105874999944 ], [ -36.478633282999986, -10.000754714999932 ], [ -36.477970782999975, -10.000776744999978 ], [ -36.476941069999953, -10.000964689999897 ], [ -36.476329888999921, -10.000900988999957 ], [ -36.475803472999971, -10.000691773999964 ], [ -36.475304245999965, -10.000139336999908 ], [ -36.474634001999931, -9.999871791999976 ], [ -36.474410106999969, -9.99959297499991 ], [ -36.47465748799992, -9.998752618999923 ], [ -36.473922309999935, -9.996949332999932 ], [ -36.474182211999945, -9.995501813999979 ], [ -36.47416723399995, -9.994747808999943 ], [ -36.473862134999926, -9.994153218999951 ], [ -36.473585218000018, -9.993048361000019 ], [ -36.4738564109999, -9.992603143999951 ], [ -36.474388353999949, -9.992232527999928 ], [ -36.474501414999978, -9.99183908499997 ], [ -36.474275621999944, -9.991329878999938 ], [ -36.473525390999953, -9.99016223199996 ], [ -36.473382269999924, -9.987626028 ], [ -36.473107184999904, -9.986503960999965 ], [ -36.473743671999983, -9.985463271999922 ], [ -36.473735906999963, -9.984892318999933 ], [ -36.473132075, -9.983388347999927 ], [ -36.473464297999961, -9.981819791 ], [ -36.473411127, -9.980979025999975 ], [ -36.472942490999955, -9.979855027999967 ], [ -36.472858334, -9.97924473999992 ], [ -36.473109302, -9.978668622999948 ], [ -36.472940124999937, -9.977596056000021 ], [ -36.472090229999957, -9.974789718 ], [ -36.472114827999953, -9.974194427999944 ], [ -36.472613035999963, -9.972926851999958 ], [ -36.474159351, -9.970720611999933 ], [ -36.474496255, -9.969412874999911 ], [ -36.474973309999939, -9.968561523999904 ], [ -36.47552375899992, -9.967853249 ], [ -36.477165734999978, -9.967025769999932 ], [ -36.47805747699995, -9.965625522999984 ], [ -36.478607231999966, -9.964398570999982 ], [ -36.479141121999909, -9.963708484999906 ], [ -36.479443706, -9.963470858999962 ], [ -36.479750591999974, -9.962707032 ], [ -36.479826541999962, -9.962156723999943 ], [ -36.480113022999944, -9.961195785999926 ], [ -36.479782091999915, -9.960521668999927 ], [ -36.478970082999965, -9.960008135999981 ], [ -36.478476429999979, -9.959363118999903 ], [ -36.478083875, -9.95864232899995 ], [ -36.477668540999922, -9.958140151999967 ], [ -36.47704974, -9.957851088999941 ], [ -36.476634796000013, -9.957276153999977 ], [ -36.475470545999961, -9.956244576999978 ], [ -36.474280003999951, -9.956022931999938 ], [ -36.473416330999989, -9.954690436999909 ], [ -36.472968422999969, -9.953569283999958 ], [ -36.472360514999949, -9.951139708999929 ], [ -36.472276052999966, -9.950018617999984 ], [ -36.471719755999949, -9.947995103999979 ], [ -36.471635760999924, -9.946881834999971 ], [ -36.471664925999939, -9.945686797999947 ], [ -36.471190258000014, -9.944520179999966 ], [ -36.471052911999926, -9.943862234999884 ], [ -36.471082794, -9.941673335999962 ], [ -36.470915561999931, -9.940063281999885 ], [ -36.471001734999959, -9.938976732999954 ], [ -36.472357194000026, -9.936577194999924 ], [ -36.472854389999945, -9.935987400999974 ], [ -36.474056653999945, -9.935545465999912 ], [ -36.475412092999917, -9.935490405999886 ], [ -36.476549841999912, -9.93520885799995 ], [ -36.477913479999941, -9.934471948999906 ], [ -36.478704923999963, -9.933029326999915 ], [ -36.479135514999975, -9.931539195999989 ], [ -36.480909101999906, -9.930303276999958 ], [ -36.482081913999956, -9.929748101999941 ], [ -36.483918592999963, -9.928376760999985 ], [ -36.484609255, -9.928271045999942 ], [ -36.486134260999961, -9.927637344999914 ], [ -36.486940785999906, -9.926050786999912 ], [ -36.486911497999969, -9.92393583499998 ], [ -36.487107186999907, -9.922197509999947 ], [ -36.487056985000017, -9.919596651999957 ], [ -36.487724421999907, -9.916145906999901 ], [ -36.489356633999954, -9.91296757 ], [ -36.490634800999928, -9.911135202999915 ], [ -36.491527352999974, -9.909507817999913 ], [ -36.49227976, -9.908422369999897 ], [ -36.49363887799997, -9.906460640999942 ], [ -36.494421622, -9.905587948999944 ], [ -36.494834871999984, -9.90512714899992 ], [ -36.495694528999969, -9.904434049999949 ], [ -36.496362781999927, -9.903584200999976 ], [ -36.497050296999973, -9.90167982199997 ], [ -36.497720056999967, -9.900768556999889 ], [ -36.497833378999928, -9.900198405999966 ], [ -36.497971628999906, -9.897683900999926 ], [ -36.498328128, -9.89633879699992 ], [ -36.499567355999957, -9.894311200999933 ], [ -36.499866513999926, -9.892092159999915 ], [ -36.499830833999987, -9.891390760999968 ], [ -36.498883248999931, -9.890183310999895 ], [ -36.498555162999963, -9.889502855999989 ], [ -36.497695138999944, -9.885669301999972 ], [ -36.497747966999967, -9.884884868 ], [ -36.497662476999906, -9.883438961 ], [ -36.497418428999964, -9.882857947999973 ], [ -36.496759234999956, -9.881283925999945 ], [ -36.496382718999982, -9.880101487999987 ], [ -36.496466752999915, -9.87891166199995 ], [ -36.496801375999979, -9.876876242999938 ], [ -36.496609259999985, -9.875626791999942 ], [ -36.495909912999942, -9.874051671 ], [ -36.496384500999952, -9.871876019999931 ], [ -36.49644542799993, -9.870589804 ], [ -36.496364022999941, -9.868748432999968 ], [ -36.496551956999951, -9.866956814999966 ], [ -36.49728354, -9.865693529999891 ], [ -36.499335794999979, -9.864436958999928 ], [ -36.500515649, -9.863290284999911 ], [ -36.500922503, -9.862037673 ], [ -36.501437024000019, -9.861490885999974 ], [ -36.502778527, -9.858411792999938 ], [ -36.502909930999941, -9.857825194999986 ], [ -36.503640543999907, -9.856476927999985 ], [ -36.505321189999968, -9.855508045999933 ], [ -36.505356772999981, -9.855487531999925 ], [ -36.506247894999902, -9.855368089999988 ], [ -36.507753870999984, -9.855609914999924 ], [ -36.50969372799991, -9.85630101 ], [ -36.51091150599995, -9.857226451 ], [ -36.512110614999955, -9.857873882999929 ], [ -36.513815636999894, -9.858602698999924 ], [ -36.515500408999941, -9.859553056999953 ], [ -36.515755109999965, -9.859402031999892 ], [ -36.516377422999938, -9.859032366999948 ], [ -36.516333395999936, -9.858962553999945 ], [ -36.517066569999898, -9.858521051999919 ], [ -36.517446707999952, -9.858320234 ], [ -36.518038750999906, -9.858007469999968 ], [ -36.518679620999912, -9.857174602999979 ], [ -36.518962213999934, -9.856802176999985 ], [ -36.519389775999962, -9.856238698 ], [ -36.520375075999951, -9.855121814999952 ], [ -36.521351801999941, -9.854273545999931 ], [ -36.521669774999957, -9.854090058999937 ], [ -36.522059028999927, -9.853865438999915 ], [ -36.523340197999971, -9.852527283999951 ], [ -36.524367680999987, -9.85149771499994 ], [ -36.525159693999967, -9.850675396999936 ], [ -36.52522030499992, -9.850533554999924 ], [ -36.525523218999936, -9.84982466399989 ], [ -36.526267988, -9.84911583699995 ], [ -36.527017801999968, -9.848524181999935 ], [ -36.527580345999972, -9.847697292 ], [ -36.528075230999974, -9.847646799999904 ], [ -36.528344832, -9.84741346899996 ], [ -36.528597968999968, -9.847332081999976 ], [ -36.529101318999963, -9.847170248999909 ], [ -36.530393969999977, -9.84677918299997 ], [ -36.531775347999968, -9.846545378999988 ], [ -36.532692296999983, -9.84631257699991 ], [ -36.533073968999943, -9.846502165999965 ], [ -36.533979513, -9.846064939999938 ], [ -36.534248307999945, -9.845696607000015 ], [ -36.534456906999971, -9.845410762 ], [ -36.534953298999923, -9.845100924999933 ], [ -36.535730430999919, -9.844950759999943 ], [ -36.536034815999969, -9.844891943999961 ], [ -36.536887889999939, -9.844402774999899 ], [ -36.537124085999942, -9.844508477999941 ], [ -36.537647842999938, -9.844040376999937 ], [ -36.538000114999953, -9.844091302999974 ], [ -36.53829770699997, -9.843729250999949 ], [ -36.53888619, -9.843808990999975 ], [ -36.539540371999941, -9.843415107999894 ], [ -36.539711132999948, -9.843190307999944 ], [ -36.539979842999976, -9.84285559 ], [ -36.54023683199992, -9.842535471999941 ], [ -36.540445514999959, -9.842356753999987 ], [ -36.540558232999956, -9.84234127799995 ], [ -36.540787343, -9.842167959999909 ], [ -36.541140232999972, -9.84200947099994 ], [ -36.541523880999925, -9.841866436 ], [ -36.541776899999981, -9.841887285999956 ], [ -36.542035530999975, -9.841882504999916 ], [ -36.542243045, -9.841810944999946 ], [ -36.542595554999949, -9.84172929099994 ], [ -36.543164891999893, -9.84169912199993 ], [ -36.543592234999906, -9.84169851299988 ], [ -36.544958428999969, -9.841576624 ], [ -36.546094358999895, -9.841129091999928 ], [ -36.546871601, -9.840870900999972 ], [ -36.547507106, -9.840881799999984 ], [ -36.547725022999906, -9.840885537999938 ], [ -36.548755936999939, -9.840715224999968 ], [ -36.549718789999936, -9.840455596999981 ], [ -36.550988146999977, -9.84000866799995 ], [ -36.551227643, -9.839889298999932 ], [ -36.551630565999936, -9.839688475999925 ], [ -36.551758309999933, -9.839723929999927 ], [ -36.552079679999963, -9.839764770999931 ], [ -36.55227997199993, -9.839790224 ], [ -36.552414631999966, -9.839675842999945 ], [ -36.552500103999932, -9.839603242999978 ], [ -36.552515389999954, -9.839449070999922 ], [ -36.552657941999939, -9.839392965999899 ], [ -36.552754383999925, -9.839321983999977 ], [ -36.552876944999937, -9.839372979999933 ], [ -36.552952940999923, -9.839262102999907 ], [ -36.553043608999964, -9.83923245099994 ], [ -36.553121061999974, -9.839207120999976 ], [ -36.553199113999952, -9.839080590999988 ], [ -36.553171293999959, -9.839059581999937 ], [ -36.539574117999976, -9.821114055999974 ], [ -36.527066284999897, -9.804606244999952 ], [ -36.526565658999949, -9.803945519 ], [ -36.526527166999962, -9.803894716999967 ], [ -36.526037396999939, -9.803248320999952 ], [ -36.526003568999982, -9.803248114999935 ], [ -36.525902578999975, -9.803247498999973 ], [ -36.525574799999944, -9.803245500999896 ], [ -36.492855207999966, -9.803046019999911 ], [ -36.476340052999959, -9.802945332999929 ], [ -36.476314756999912, -9.802996773999922 ], [ -36.476279550999926, -9.803037846999946 ], [ -36.475894801999978, -9.803247405999965 ], [ -36.475849536999966, -9.803271714999934 ], [ -36.475824389999929, -9.803270037999972 ], [ -36.475271155999984, -9.803144302999961 ], [ -36.474640803999961, -9.802943126999924 ], [ -36.474285392999953, -9.802916303999925 ], [ -36.473830897, -9.802874890999963 ], [ -36.473581275999962, -9.802882774 ], [ -36.473280067, -9.802904018999975 ], [ -36.47317041, -9.802924126999951 ], [ -36.472942740999976, -9.803067098999968 ], [ -36.472666037, -9.803248366999956 ], [ -36.472262539, -9.803583413999966 ], [ -36.471851160999982, -9.803915478999908 ], [ -36.471429111999967, -9.804098483999951 ], [ -36.470947694999929, -9.804308412999912 ], [ -36.470892976999927, -9.80433892899995 ], [ -36.470801954999949, -9.804366287999907 ], [ -36.470640429, -9.804416531999976 ], [ -36.470195358999938, -9.804555446999924 ], [ -36.469546363999974, -9.804412905999943 ], [ -36.469571665999936, -9.80417862199992 ], [ -36.469293213999904, -9.803710534999915 ], [ -36.468891378999963, -9.803104661999967 ], [ -36.468526991000012, -9.802523753999953 ], [ -36.468336876, -9.801303845999914 ], [ -36.467222588, -9.799418534999976 ], [ -36.46700078699994, -9.798589420999942 ], [ -36.466979662999968, -9.797786711999962 ], [ -36.467058877999953, -9.797290298999922 ], [ -36.467201463999935, -9.796725233999975 ], [ -36.467153934999914, -9.79591196199992 ], [ -36.467143373999924, -9.795468359999987 ], [ -36.466911009999976, -9.7950722859999 ], [ -36.466562465, -9.794596996999921 ], [ -36.466155829999927, -9.794438567999958 ], [ -36.465310872, -9.79327675199993 ], [ -36.46434973299997, -9.792072687999958 ], [ -36.464159617999961, -9.791396721999984 ], [ -36.464201865999904, -9.790562325999957 ], [ -36.463990625999926, -9.789970855999957 ], [ -36.463716014999939, -9.789537815999921 ], [ -36.46373713899991, -9.789168146999977 ], [ -36.463821634999888, -9.788956906999907 ], [ -36.464560972999955, -9.788481619000017 ], [ -36.465046823, -9.788133073999957 ], [ -36.465258062, -9.788027454 ], [ -36.465395367999989, -9.787784528999982 ], [ -36.465395367999989, -9.787087438999947 ], [ -36.465258062, -9.786263606 ], [ -36.46506794699998, -9.785714383999938 ], [ -36.464740525999979, -9.784879987999911 ], [ -36.464550410999969, -9.784309641999883 ], [ -36.464011749999898, -9.783697048 ], [ -36.463777051999926, -9.783468060999972 ], [ -36.462525591999942, -9.784750736999964 ], [ -36.461540087999936, -9.784915026999968 ], [ -36.459885983999953, -9.783181666 ], [ -36.456597344999977, -9.781951927999938 ], [ -36.455439735999946, -9.782058368999952 ], [ -36.453938217999969, -9.781587756 ], [ -36.453309823000019, -9.780549995999937 ], [ -36.452268249999989, -9.780485574999936 ], [ -36.450414364999986, -9.780758441999954 ], [ -36.449434147999973, -9.780234805999971 ], [ -36.448978385000011, -9.779312926999989 ], [ -36.448224220999961, -9.779537092999885 ], [ -36.447648529999938, -9.780612304999941 ], [ -36.446896675999902, -9.78165342199993 ], [ -36.440295385999939, -9.780798599 ], [ -36.414504224, -9.777458814999967 ], [ -36.393995856999901, -9.774075713999913 ], [ -36.387961807999972, -9.771145715999957 ], [ -36.386179172999917, -9.770280107999923 ], [ -36.385477516999948, -9.76993990799993 ], [ -36.384551864999921, -9.769489105999934 ], [ -36.380963274999914, -9.768679754999937 ], [ -36.376130524999908, -9.767756005999978 ], [ -36.372714798999908, -9.767293520999905 ], [ -36.369525034999953, -9.765880029999924 ], [ -36.368939592999922, -9.765719514999965 ], [ -36.368554595999953, -9.766237776999947 ], [ -36.366055350999929, -9.76708393299997 ], [ -36.364714021999973, -9.767397324999965 ], [ -36.363525242999934, -9.766414343 ], [ -36.360028286999963, -9.769009813999979 ], [ -36.359751255999953, -9.76807807399998 ], [ -36.358303003999943, -9.765168362999926 ], [ -36.357745154999968, -9.763643024999929 ], [ -36.355499261999952, -9.75965647499995 ], [ -36.354800526999959, -9.758540358999973 ], [ -36.35422207199997, -9.75793202399991 ], [ -36.354160362999927, -9.757219501999931 ], [ -36.354522793999891, -9.756242467999915 ], [ -36.354637702999987, -9.75464666699995 ], [ -36.354971488999979, -9.753877588 ], [ -36.355770941999957, -9.754113564999983 ], [ -36.357303642999945, -9.753282692999981 ], [ -36.358411408999942, -9.753033829999907 ], [ -36.360583072999944, -9.75289038699994 ], [ -36.361272536999969, -9.752630326999917 ], [ -36.361381132999988, -9.752142519999968 ], [ -36.359974136999924, -9.751682683999935 ], [ -36.359661775999925, -9.750862570999935 ], [ -36.359746290999986, -9.75065044699997 ], [ -36.359556086999973, -9.750287160999932 ], [ -36.35777344, -9.749332881999933 ], [ -36.355771091999969, -9.748542512 ], [ -36.353695509999923, -9.747116930999905 ], [ -36.353105991999904, -9.74689742199995 ], [ -36.351472752999953, -9.747395423999944 ], [ -36.349437586999962, -9.74855614499997 ], [ -36.348413951999909, -9.748919899999958 ], [ -36.347385351999975, -9.748534164999928 ], [ -36.34591346899996, -9.745216948999907 ], [ -36.345441249999972, -9.744568070999954 ], [ -36.344805380999937, -9.74394137799997 ], [ -36.343352834000015, -9.741613189999981 ], [ -36.342719822999953, -9.739149944999921 ], [ -36.342715697999964, -9.738552790999982 ], [ -36.343436151999981, -9.738208624000016 ], [ -36.34358343199991, -9.738050664999914 ], [ -36.343677944, -9.737502508999945 ], [ -36.343637371999939, -9.736365426999921 ], [ -36.343445053, -9.735014073999931 ], [ -36.342942924999939, -9.733855907999938 ], [ -36.342694236999968, -9.732702489999985 ], [ -36.343531198999941, -9.730274734999927 ], [ -36.344185724999917, -9.725569533999906 ], [ -36.344112041999949, -9.724233569999946 ], [ -36.343806134999951, -9.723310060999918 ], [ -36.343964801999931, -9.722637892999989 ], [ -36.344519846999937, -9.721571755999975 ], [ -36.344437215999939, -9.720434334999922 ], [ -36.344190310999942, -9.719415118999969 ], [ -36.344160781999982, -9.718274266999988 ], [ -36.344390416999978, -9.717065749 ], [ -36.344341550999928, -9.716349594 ], [ -36.343407695999936, -9.714128550999895 ], [ -36.343138642999968, -9.713214667999953 ], [ -36.343694702999969, -9.712567292999946 ], [ -36.344471309, -9.71204325999993 ], [ -36.345942452999964, -9.71148340099997 ], [ -36.34671802, -9.710319955999985 ], [ -36.3471388, -9.710098462999955 ], [ -36.348388197, -9.710635905999926 ], [ -36.349999523999912, -9.71004831399998 ], [ -36.350592090999918, -9.709687338999956 ], [ -36.352777397999986, -9.709166948999975 ], [ -36.354457179999969, -9.708375908999894 ], [ -36.355275377999902, -9.70814542899992 ], [ -36.355522207, -9.707968115999989 ], [ -36.355938461999962, -9.70735704099997 ], [ -36.356659980999979, -9.707176294999936 ], [ -36.35716874, -9.706896813 ], [ -36.358249031999918, -9.705698960999914 ], [ -36.359151761, -9.704189526999901 ], [ -36.359580359999939, -9.703771978 ], [ -36.360130586999986, -9.704211777999966 ], [ -36.360551378, -9.703888148999923 ], [ -36.361161955999968, -9.703209609999915 ], [ -36.361857886999907, -9.702691006999903 ], [ -36.363693611999921, -9.701612476999927 ], [ -36.363862921999981, -9.70121415800001 ], [ -36.363941231999981, -9.700083709999912 ], [ -36.364167204999937, -9.699446781999971 ], [ -36.364584626999921, -9.699337542 ], [ -36.366050899999919, -9.700049966999963 ], [ -36.366690735999924, -9.699691235999948 ], [ -36.367605395999931, -9.69897397299993 ], [ -36.369580629999945, -9.698437798999976 ], [ -36.36983067200002, -9.698488170999969 ], [ -36.370350186999929, -9.698279246999913 ], [ -36.370714990999915, -9.697944172 ], [ -36.370885483999984, -9.697608189999901 ], [ -36.370940408, -9.695488439999927 ], [ -36.371348199, -9.694406167999908 ], [ -36.371579324999928, -9.693486524999933 ], [ -36.371834600999911, -9.693134805999964 ], [ -36.372444286999908, -9.692810025999915 ], [ -36.372290034999935, -9.692438171999967 ], [ -36.372057469999966, -9.692266667999899 ], [ -36.37252555, -9.690962381999984 ], [ -36.372163874999977, -9.690070702999925 ], [ -36.372855113999982, -9.690095157999989 ], [ -36.372992696999987, -9.689912428999975 ], [ -36.372894217999921, -9.689673970999962 ], [ -36.37296847599994, -9.688820154999927 ], [ -36.373327619999898, -9.68826760099995 ], [ -36.373464936999895, -9.687581279 ], [ -36.373276911999973, -9.686836575999942 ], [ -36.373496479000018, -9.686164677999948 ], [ -36.373498325, -9.685265769999912 ], [ -36.373077489999986, -9.684438683999957 ], [ -36.372408670999981, -9.683472228999928 ], [ -36.372246541999978, -9.682754763999984 ], [ -36.372276816999907, -9.682192108999971 ], [ -36.372021359, -9.681513324999941 ], [ -36.372334480999974, -9.680950715999931 ], [ -36.372269899999957, -9.68006499399992 ], [ -36.372083425999982, -9.677526727999958 ], [ -36.372414580999937, -9.676238193999925 ], [ -36.373527686999935, -9.6757468499999 ], [ -36.374001860999911, -9.674258526 ], [ -36.374418231999989, -9.673794413999964 ], [ -36.374833207999949, -9.672999703999935 ], [ -36.374548744999949, -9.670822619000015 ], [ -36.374716688, -9.669921475999971 ], [ -36.37593768499994, -9.669017458999956 ], [ -36.375574078999968, -9.666987910999985 ], [ -36.375632057999965, -9.666282109999941 ], [ -36.376079558999955, -9.666104172999962 ], [ -36.376275923999948, -9.66584557 ], [ -36.376382820999915, -9.664517447999948 ], [ -36.377108753999934, -9.663758718999965 ], [ -36.377606246999974, -9.662156406999905 ], [ -36.37835469799991, -9.660416691999934 ], [ -36.378980541, -9.658632021999974 ], [ -36.379441926999981, -9.657684654000015 ], [ -36.380217103999904, -9.656857344999953 ], [ -36.383961129999889, -9.655416513999931 ], [ -36.384838058999975, -9.654852003999942 ], [ -36.38743945200001, -9.653178629999955 ], [ -36.388217741999931, -9.652428418999964 ], [ -36.388330724999946, -9.651681998999933 ], [ -36.388555884999924, -9.65122575000002 ], [ -36.389026598999969, -9.650937265999953 ], [ -36.391526966999905, -9.650262605 ], [ -36.392190235999983, -9.649802675999958 ], [ -36.393242214999894, -9.648728331999973 ], [ -36.394164739999901, -9.648367597999968 ], [ -36.380829230999929, -9.635367232999986 ], [ -36.388606993999886, -9.628772889999977 ], [ -36.391705816999959, -9.605856891999981 ], [ -36.391719764999955, -9.605753717999971 ], [ -36.392104896999939, -9.60290488599998 ], [ -36.350812084, -9.592367420999942 ], [ -36.350744585, -9.592350289999946 ], [ -36.350438588, -9.592802543999973 ], [ -36.348099599999919, -9.59304499299996 ], [ -36.346854880999963, -9.593960167999921 ], [ -36.346522728999922, -9.594731221999947 ], [ -36.347167031999945, -9.595955607999912 ], [ -36.346688105999931, -9.596400280999934 ], [ -36.346000745999987, -9.596289775999939 ], [ -36.345674603999917, -9.596367304999958 ], [ -36.345500722999915, -9.597112328999964 ], [ -36.344714408999963, -9.598000505 ], [ -36.344550412999979, -9.59832124399998 ], [ -36.344666184999966, -9.599244756999919 ], [ -36.344552160999946, -9.600371605999985 ], [ -36.344639560999987, -9.600938181999968 ], [ -36.345437167999897, -9.602058464999935 ], [ -36.34566777, -9.602761795999953 ], [ -36.346360919999945, -9.603566420999915 ], [ -36.346132987, -9.604212779999926 ], [ -36.346577542999931, -9.604787273999943 ], [ -36.348213713999947, -9.604537498999971 ], [ -36.348889150999966, -9.604734824999955 ], [ -36.349716066, -9.605460342999944 ], [ -36.350213893999978, -9.605345346999933 ], [ -36.350464992999967, -9.605887053999901 ], [ -36.351164528999938, -9.606862440999958 ], [ -36.351497481999957, -9.606947896999923 ], [ -36.351163816999971, -9.607217109 ], [ -36.320856304999907, -9.608306246999959 ], [ -36.320467456999978, -9.608208526999956 ], [ -36.317951754999925, -9.607574350999887 ], [ -36.294466547, -9.601653308999985 ], [ -36.293833369999923, -9.601553147999958 ], [ -36.293302941, -9.602684412999945 ], [ -36.29293700800001, -9.602772027999912 ], [ -36.29224857099998, -9.602341370999984 ], [ -36.291659663999923, -9.602130072999909 ], [ -36.291269538999977, -9.602413692999928 ], [ -36.290947192999951, -9.603015439999979 ], [ -36.290818464999958, -9.60345973899997 ], [ -36.290832074999926, -9.604787980999912 ], [ -36.288881331, -9.605782242999933 ], [ -36.288242801999921, -9.606614985 ], [ -36.287970217999927, -9.607648986999934 ], [ -36.28790840299996, -9.609124005999941 ], [ -36.253909442999912, -9.623889343999942 ], [ -36.26441168099997, -9.595642303999924 ], [ -36.262563675999921, -9.595759366999928 ], [ -36.250326910999966, -9.596534058999989 ], [ -36.191571647999979, -9.599854580999928 ], [ -36.214057967999949, -9.570193181999947 ], [ -36.218663728999914, -9.564115219999941 ], [ -36.228050836999984, -9.515635752000012 ], [ -36.228188099999976, -9.514925703999971 ], [ -36.227576009999957, -9.513252387999987 ], [ -36.224220888999987, -9.500399343999938 ], [ -36.216988559999955, -9.474031361999963 ], [ -36.225096572999973, -9.490901616999952 ], [ -36.234431042999951, -9.502433414999928 ], [ -36.240794512999955, -9.510296621999942 ], [ -36.260570891999969, -9.520581334999939 ], [ -36.292753683999941, -9.519549595999926 ], [ -36.306029616999986, -9.522272644999902 ], [ -36.307159059, -9.522573909999959 ], [ -36.307635501999982, -9.52182810799998 ], [ -36.308343581999949, -9.521683401999908 ], [ -36.309321172999923, -9.521340720999977 ], [ -36.309410410999938, -9.520724901999916 ], [ -36.309063624999929, -9.51993918399992 ], [ -36.30937303499995, -9.519075428999951 ], [ -36.310200204999916, -9.518731494999916 ], [ -36.311349936999918, -9.518753480999958 ], [ -36.312198085999931, -9.517842297999973 ], [ -36.312702273999903, -9.517913434 ], [ -36.313739922999957, -9.518638356999936 ], [ -36.314838145999964, -9.517929559 ], [ -36.315376848999954, -9.517883002999966 ], [ -36.316397208999909, -9.518641687999946 ], [ -36.319137298999962, -9.518012403999927 ], [ -36.320454851999912, -9.517346193999959 ], [ -36.322879271999959, -9.51493010599998 ], [ -36.32385147599993, -9.514653670999934 ], [ -36.325879437999944, -9.513418901 ], [ -36.327217786999924, -9.512204355999959 ], [ -36.329195589999969, -9.51095152699995 ], [ -36.329811889999981, -9.511006425999962 ], [ -36.33055949000002, -9.512129032999944 ], [ -36.331128044999986, -9.512499945999902 ], [ -36.332050964999965, -9.512791987999908 ], [ -36.332552990999936, -9.513127678999972 ], [ -36.334017141999936, -9.513239166999959 ], [ -36.334784802999948, -9.513845485999944 ], [ -36.335601674999943, -9.513918739999966 ], [ -36.338140444999951, -9.512439505999964 ], [ -36.338880025999948, -9.512009017999961 ], [ -36.339880961999896, -9.511671612999933 ], [ -36.351298787999944, -9.506337508999923 ], [ -36.378576049999928, -9.51015717799995 ], [ -36.386491454999906, -9.509624470999928 ], [ -36.397002338999968, -9.508915540999979 ], [ -36.42651029299995, -9.506924485 ], [ -36.450975352999954, -9.505271584999925 ], [ -36.460164055999947, -9.493591028999987 ], [ -36.468415536999935, -9.485518824999911 ], [ -36.467454162999971, -9.483400599999975 ], [ -36.467350377999914, -9.481708638999958 ], [ -36.466521655999912, -9.480539392999939 ], [ -36.465964684999925, -9.479317383999989 ], [ -36.46359325199991, -9.477136033999983 ], [ -36.463120617999969, -9.476863262999885 ], [ -36.462238168999967, -9.476789854999939 ], [ -36.461663875999967, -9.476595308999919 ], [ -36.461383938999987, -9.476212320999938 ], [ -36.461242741999939, -9.474955723999884 ], [ -36.46103645299992, -9.474646372999956 ], [ -36.460124305999948, -9.473851424 ], [ -36.459798381999981, -9.473301789999905 ], [ -36.459691574999937, -9.472938347999943 ], [ -36.459596377999965, -9.472614410999963 ], [ -36.460001185999971, -9.471744019999978 ], [ -36.459483213999924, -9.47146649499993 ], [ -36.459208448999931, -9.471193687 ], [ -36.459107777999947, -9.470695518999911 ], [ -36.459268540000018, -9.470045410999944 ], [ -36.459150539999932, -9.46954727899994 ], [ -36.457728956, -9.467405466999917 ], [ -36.45714252399997, -9.466937726999941 ], [ -36.456627093999955, -9.466385102999958 ], [ -36.456578430999926, -9.465990696999921 ], [ -36.457594894999914, -9.464390508999948 ], [ -36.457580806999907, -9.463927648999933 ], [ -36.456707363999932, -9.462566830999958 ], [ -36.456641334999979, -9.462085909999956 ], [ -36.454436432999977, -9.460346394999913 ], [ -36.453522686999953, -9.459791190999983 ], [ -36.45300615699994, -9.45934672599998 ], [ -36.452030413999942, -9.457692849999916 ], [ -36.451791971999931, -9.457056565999938 ], [ -36.451986599999955, -9.456595042999943 ], [ -36.452664388999906, -9.456257011999952 ], [ -36.453271360999942, -9.45622717199997 ], [ -36.453792506999989, -9.456042630999978 ], [ -36.45426472299998, -9.455416075999917 ], [ -36.454889787999917, -9.455266790999911 ], [ -36.455824911000015, -9.455273398000013 ], [ -36.457417464999892, -9.455540778999932 ], [ -36.458630450999976, -9.455481895999945 ], [ -36.459828624, -9.455130618999924 ], [ -36.463186789999938, -9.453853393999939 ], [ -36.460767213999944, -9.452871427999959 ], [ -36.482624990999952, -9.412645165999983 ], [ -36.485610579999978, -9.407148398999926 ], [ -36.486674340999976, -9.406145951999939 ], [ -36.486818269999979, -9.406010319 ], [ -36.505804575999903, -9.388101397999954 ], [ -36.524007697999956, -9.370208515999906 ], [ -36.529517128, -9.364790749 ], [ -36.550835296999942, -9.343823450999938 ], [ -36.551074946999968, -9.349025576999953 ], [ -36.548690673999957, -9.351490216999952 ], [ -36.54872303399997, -9.352651987999888 ], [ -36.550190013999931, -9.354097741999961 ], [ -36.552330511999934, -9.354640066999892 ], [ -36.557478140999969, -9.355000904999905 ], [ -36.559578202999916, -9.356383838999932 ], [ -36.562663336999918, -9.356121133999956 ], [ -36.563530634999914, -9.356803578999934 ], [ -36.56735760299992, -9.356471819000017 ], [ -36.574750092999977, -9.357687129999942 ], [ -36.578610855999941, -9.35719403699991 ], [ -36.58183216099993, -9.353885786999921 ], [ -36.582520157999923, -9.353782147999961 ], [ -36.58366371299995, -9.353610708999987 ], [ -36.588470130999909, -9.355524353999961 ], [ -36.590516093999916, -9.357360318 ], [ -36.591307006999976, -9.359053338 ], [ -36.593219215000012, -9.360849288999923 ], [ -36.611840677999943, -9.343769309999988 ], [ -36.611858588999915, -9.343752880999961 ], [ -36.611960603999918, -9.343659311999946 ], [ -36.613164499999968, -9.342555073999975 ], [ -36.624855163999939, -9.331832161999959 ], [ -36.624535320999946, -9.331665803999961 ], [ -36.624953785999928, -9.327751238999987 ], [ -36.623431584999928, -9.326593909999886 ], [ -36.622493203, -9.326587088999943 ], [ -36.622356562999975, -9.32658609599995 ], [ -36.619631178999981, -9.328800369999929 ], [ -36.619628740999957, -9.328802351 ], [ -36.619322604999944, -9.326568107999972 ], [ -36.617937855999941, -9.325968085999886 ], [ -36.614995751999963, -9.323667797999985 ], [ -36.61499547599994, -9.323667121999929 ], [ -36.614279235999916, -9.323751874999925 ], [ -36.61382401, -9.323805292 ], [ -36.613723425999936, -9.324847727 ], [ -36.615653873999968, -9.327148352999931 ], [ -36.615624346999923, -9.329048123999911 ], [ -36.614747774999962, -9.331026056999963 ], [ -36.612845107999917, -9.333928600999958 ], [ -36.611793100999918, -9.333981408999886 ], [ -36.611791564999969, -9.333981485999981 ], [ -36.610472138999953, -9.33322683199998 ], [ -36.608572914000021, -9.332859373999952 ], [ -36.607722169999974, -9.333464453999923 ], [ -36.607602711999945, -9.334732023999909 ], [ -36.608303892999963, -9.337846443999936 ], [ -36.607272752, -9.33872660099993 ], [ -36.607138810999935, -9.339098307999956 ], [ -36.607037480999985, -9.339379509999951 ], [ -36.606971524999949, -9.339562547999909 ], [ -36.606955541999959, -9.339606901999936 ], [ -36.606918869999944, -9.339708672999919 ], [ -36.606842795999953, -9.339919786999889 ], [ -36.606763503999964, -9.340139832999977 ], [ -36.606654737999946, -9.340441676 ], [ -36.60655581000001, -9.340716212999972 ], [ -36.60586397499997, -9.341080053999967 ], [ -36.605049742999924, -9.341508264999959 ], [ -36.603627705999948, -9.341512637999966 ], [ -36.603627606999936, -9.341512501999954 ], [ -36.603624977999985, -9.341512509999955 ], [ -36.603087200999902, -9.340764993999922 ], [ -36.603579911999901, -9.338865381999955 ], [ -36.603139374999955, -9.338158800999935 ], [ -36.60313279799994, -9.338160536 ], [ -36.600867564999923, -9.338758204999969 ], [ -36.600866745999944, -9.338757573999917 ], [ -36.598365933999979, -9.336830035999949 ], [ -36.598363396999936, -9.33683005499995 ], [ -36.598363207000013, -9.336829907999938 ], [ -36.596639086, -9.336842648999927 ], [ -36.595108746999941, -9.337542874999954 ], [ -36.595107621999936, -9.337543390999908 ], [ -36.594548565999958, -9.337318862999982 ], [ -36.593956244999973, -9.335357230999946 ], [ -36.593070173999934, -9.334826397 ], [ -36.591507021, -9.334701265999939 ], [ -36.586267482, -9.33808504 ], [ -36.586265834999956, -9.338084843999944 ], [ -36.586265662999942, -9.338084954999953 ], [ -36.585282776999975, -9.337967849999945 ], [ -36.584873593999959, -9.337130287000011 ], [ -36.585009575999933, -9.335969290999962 ], [ -36.584623244999939, -9.335613539999926 ], [ -36.582682547999951, -9.335599513 ], [ -36.582682466999941, -9.335599440999914 ], [ -36.582680729999979, -9.335599428 ], [ -36.581567880999913, -9.334606049999966 ], [ -36.581567721999903, -9.334605906999954 ], [ -36.577690318999984, -9.334628358999948 ], [ -36.577688555999927, -9.334628368999947 ], [ -36.576078324, -9.33187994 ], [ -36.575121160999949, -9.331993204999961 ], [ -36.574565030999942, -9.333652280999921 ], [ -36.574562375999989, -9.333651935999981 ], [ -36.574562303999983, -9.33365215299991 ], [ -36.573882357999949, -9.333563974999986 ], [ -36.572507645999977, -9.332165115999974 ], [ -36.57244851699997, -9.332144013999915 ], [ -36.570985406999974, -9.331622697999947 ], [ -36.570985085999943, -9.331622583999938 ], [ -36.569285823999948, -9.331613024999946 ], [ -36.567470996999887, -9.33213428599991 ], [ -36.567469122, -9.332134824999955 ], [ -36.566576126, -9.331437426999985 ], [ -36.566649623999965, -9.328257738999973 ], [ -36.565828206999946, -9.32710564499995 ], [ -36.566949811999933, -9.325776222999909 ], [ -36.566911597999969, -9.325187335999946 ], [ -36.564046631999886, -9.32350563599989 ], [ -36.563906850999956, -9.322782109999888 ], [ -36.564264091000027, -9.322248135999939 ], [ -36.566804318999971, -9.321744595999931 ], [ -36.567384034999975, -9.320976845 ], [ -36.566788728999924, -9.319483811999923 ], [ -36.568205798999934, -9.318273826999906 ], [ -36.568207646, -9.318274705999979 ], [ -36.571906159999948, -9.320033550999934 ], [ -36.571908438999962, -9.320033465999927 ], [ -36.572758095, -9.320001582999954 ], [ -36.572688395999926, -9.318619734000016 ], [ -36.571431090999987, -9.316045296 ], [ -36.572902018999926, -9.314475800999983 ], [ -36.573191115999954, -9.31197463 ], [ -36.574246697999982, -9.310809969999983 ], [ -36.574448800000013, -9.309493657999962 ], [ -36.573718563999897, -9.302268693 ], [ -36.57298023499991, -9.299485683999947 ], [ -36.573026849999955, -9.29746416499993 ], [ -36.57183648799996, -9.295216862999972 ], [ -36.571839563999944, -9.292582841999902 ], [ -36.553216313999954, -9.282593016999968 ], [ -36.504905456999943, -9.266938173 ], [ -36.501822791999963, -9.265939253999949 ], [ -36.499635942999944, -9.265230618999936 ], [ -36.499585937999896, -9.264569191999922 ], [ -36.500765566999974, -9.263684271999978 ], [ -36.500373140999933, -9.262785593999961 ], [ -36.498652278999913, -9.264911772999934 ], [ -36.49865173299996, -9.264912448 ], [ -36.497412940999958, -9.264457214999894 ], [ -36.495617191999969, -9.262256863999912 ], [ -36.494908658999961, -9.261932119999955 ], [ -36.494908451999947, -9.261932025999947 ], [ -36.492909674999943, -9.261906099999933 ], [ -36.491339820999904, -9.262407543999945 ], [ -36.491337717999912, -9.262408215999912 ], [ -36.490405461999956, -9.261214272999979 ], [ -36.491986212, -9.259040258999956 ], [ -36.491616424999968, -9.256948178999963 ], [ -36.492689891999966, -9.254178267999929 ], [ -36.491486536999965, -9.252427672999946 ], [ -36.491486237999943, -9.25242723699991 ], [ -36.489811524999929, -9.252640232999948 ], [ -36.489808803999971, -9.252640578999976 ], [ -36.489792744999889, -9.251454862999925 ], [ -36.489065962999973, -9.250483506999934 ], [ -36.4890167679999, -9.250108149999964 ], [ -36.489759398999972, -9.248874773999965 ], [ -36.488252095999954, -9.245608730999916 ], [ -36.488618005999946, -9.24457934699992 ], [ -36.487888569999896, -9.241621439999964 ], [ -36.48716526, -9.240201387999974 ], [ -36.484592743999961, -9.24048090799992 ], [ -36.48459165499996, -9.240480601999895 ], [ -36.484590017, -9.240480779999899 ], [ -36.48225355499995, -9.239824719999984 ], [ -36.481617174999961, -9.239182737999979 ], [ -36.48161574100002, -9.239181290999948 ], [ -36.481333186, -9.239469308999976 ], [ -36.478799594999984, -9.24205494199995 ], [ -36.477188553999909, -9.242593369999913 ], [ -36.476123903999927, -9.243772103 ], [ -36.474797353999946, -9.243367980999967 ], [ -36.474795949999923, -9.243368255999901 ], [ -36.474794626999902, -9.243367852999956 ], [ -36.472954494999968, -9.243728994 ], [ -36.47295296199993, -9.243729295000019 ], [ -36.471396024999898, -9.243171025999924 ], [ -36.470436187999972, -9.241928356999956 ], [ -36.468478735999923, -9.240665931999953 ], [ -36.462517278999968, -9.239251110999952 ], [ -36.461696692000018, -9.23842262299997 ], [ -36.459526388999947, -9.233777693999963 ], [ -36.457908563999936, -9.233092017999983 ], [ -36.457853708999927, -9.233088526999961 ], [ -36.457696950999924, -9.233078674999945 ], [ -36.455651735999901, -9.23294837299991 ], [ -36.454898847999957, -9.232900406999939 ], [ -36.453662962999928, -9.232390075999902 ], [ -36.453771194999916, -9.23001784799991 ], [ -36.455260145999915, -9.227494579999945 ], [ -36.455263219, -9.226719312999926 ], [ -36.454261100999943, -9.225662606999979 ], [ -36.454258417999903, -9.225661614999986 ], [ -36.452748072, -9.22510393599994 ], [ -36.448714466999938, -9.224961506999968 ], [ -36.448712778999976, -9.224960550999977 ], [ -36.448711783999983, -9.224960514999974 ], [ -36.447566711, -9.224313411 ], [ -36.444567141999975, -9.220117405999911 ], [ -36.441236245999981, -9.219079298999905 ], [ -36.441236236999977, -9.219078382999919 ], [ -36.440674867999981, -9.218903393999916 ], [ -36.439496809999952, -9.21686590799991 ], [ -36.439383288999963, -9.213622495999957 ], [ -36.437006399999945, -9.21210026099995 ], [ -36.437003895000011, -9.212100275999951 ], [ -36.437003672999893, -9.212100132999939 ], [ -36.431829950999919, -9.212130488999964 ], [ -36.430251357999957, -9.212714463999966 ], [ -36.429647959999947, -9.21357756699997 ], [ -36.428218816, -9.214410775999987 ], [ -36.424772821, -9.214934352999965 ], [ -36.423300339999926, -9.215652138999936 ], [ -36.423335878999936, -9.216795096999913 ], [ -36.424656732999978, -9.218478318999917 ], [ -36.425182498999959, -9.22176240499995 ], [ -36.424368215999905, -9.226023086999962 ], [ -36.422147147999986, -9.228605077999902 ], [ -36.419800532999986, -9.229568494999945 ], [ -36.41673705399991, -9.229640151999924 ], [ -36.415302546999968, -9.229673451999926 ], [ -36.415299202999954, -9.229673529999932 ], [ -36.413883629999894, -9.228472971999985 ], [ -36.411297362999953, -9.224239543999918 ], [ -36.410161273999925, -9.223043452999985 ], [ -36.408785101000014, -9.22181488099994 ], [ -36.408664939999902, -9.221925699999961 ], [ -36.408662985999946, -9.221923990999908 ], [ -36.407948046999941, -9.221298640999947 ], [ -36.407471814999973, -9.221006206 ], [ -36.407470935999989, -9.22100725 ], [ -36.40692566, -9.220672380999911 ], [ -36.406925001999937, -9.220671977999967 ], [ -36.404350902999944, -9.221015353999956 ], [ -36.402913065, -9.223424286999965 ], [ -36.399611311999919, -9.224526915999981 ], [ -36.391735602999937, -9.225121055999935 ], [ -36.390042240999982, -9.224875814999983 ], [ -36.387387270999952, -9.223557623999984 ], [ -36.385847456999912, -9.22063755199996 ], [ -36.382258471999968, -9.22003390099993 ], [ -36.38225849199997, -9.22003439099997 ], [ -36.380341626999908, -9.219711936999936 ], [ -36.375873491999961, -9.216700303999977 ], [ -36.37587281, -9.216699843999937 ], [ -36.374078527999949, -9.216991280999892 ], [ -36.370890748999976, -9.220441509 ], [ -36.369692333999943, -9.221105953999905 ], [ -36.365704620999956, -9.22262724699992 ], [ -36.365703918999898, -9.222627514999942 ], [ -36.360213816999945, -9.221555326999958 ], [ -36.358345919999941, -9.218288240999911 ], [ -36.355932723999935, -9.218385971 ], [ -36.354727693999969, -9.219712601 ], [ -36.35360605599989, -9.220122780999912 ], [ -36.353604041, -9.220121173999956 ], [ -36.353602464999952, -9.220121747999915 ], [ -36.352834790999935, -9.219509678999898 ], [ -36.352246463999933, -9.217033349 ], [ -36.350352339999972, -9.216890066999955 ], [ -36.34916288699997, -9.216259106999885 ], [ -36.348888285999983, -9.214736878999968 ], [ -36.349229229999949, -9.212990067999943 ], [ -36.35118436299998, -9.208987788999906 ], [ -36.354420600999966, -9.205211475999914 ], [ -36.354827106999934, -9.20330246199997 ], [ -36.353916540999911, -9.201193716000017 ], [ -36.3514132, -9.201364307999921 ], [ -36.348595341, -9.203375783 ], [ -36.344454015999908, -9.204846024999963 ], [ -36.341464957999953, -9.206978187999898 ], [ -36.338890380999914, -9.207011516 ], [ -36.338890114999984, -9.207011355999978 ], [ -36.338887654999958, -9.20701138799998 ], [ -36.33522303299997, -9.204811473999946 ], [ -36.331850039999949, -9.203784211999949 ], [ -36.329479442, -9.20250381599997 ], [ -36.327644210999949, -9.200767656999936 ], [ -36.326353308999984, -9.197813355999923 ], [ -36.324956044999929, -9.192522475999937 ], [ -36.322665327999928, -9.191319469999964 ], [ -36.322883472999948, -9.189638055999932 ], [ -36.321519749999915, -9.185380643000013 ], [ -36.319162584999923, -9.184069966999925 ], [ -36.317971488999959, -9.182563935999926 ], [ -36.316167283999981, -9.182126676999896 ], [ -36.312323761999934, -9.179918026999939 ], [ -36.311885515, -9.178280366999974 ], [ -36.311789155999932, -9.174481172999954 ], [ -36.309791961999977, -9.172363174999948 ], [ -36.309791263, -9.172362433999975 ], [ -36.308849954999928, -9.172545856999964 ], [ -36.308559684999977, -9.177082718999912 ], [ -36.307819203999905, -9.178468894999941 ], [ -36.306055129999962, -9.178684431999923 ], [ -36.306053586999923, -9.178684619999938 ], [ -36.304004803999959, -9.176566154999893 ], [ -36.301883979999985, -9.176511805999926 ], [ -36.301883866999979, -9.17651174500001 ], [ -36.301881253999937, -9.176511677999915 ], [ -36.300520292999956, -9.175780410999984 ], [ -36.300003214999983, -9.175502766999927 ], [ -36.297861107999935, -9.176902037999973 ], [ -36.297858823999924, -9.176901621999939 ], [ -36.297858381999973, -9.176901910999963 ], [ -36.297201309999963, -9.176782088 ], [ -36.295977451999953, -9.175116420999935 ], [ -36.294975667999935, -9.172442898999972 ], [ -36.29497552699992, -9.17244252299994 ], [ -36.293497035999984, -9.172584326999949 ], [ -36.292130705, -9.173952332999896 ], [ -36.290945040999951, -9.174210719999959 ], [ -36.289996671999987, -9.174203451999979 ], [ -36.289995252999965, -9.174203440999978 ], [ -36.288648330999898, -9.173161277 ], [ -36.287760259999963, -9.173302434999947 ], [ -36.287048427999949, -9.173416105999937 ], [ -36.287047717999982, -9.173415656999989 ], [ -36.287045701999901, -9.173415978999929 ], [ -36.285941811999962, -9.172717519999956 ], [ -36.285757120999953, -9.170078533000011 ], [ -36.279498077999975, -9.167314387999919 ], [ -36.27666827399996, -9.167178477999954 ], [ -36.276664638999925, -9.16717830599994 ], [ -36.275523577999927, -9.166405519999948 ], [ -36.27417246199996, -9.166204165999897 ], [ -36.274170182999946, -9.166203826999958 ], [ -36.273058230999958, -9.166731067999972 ], [ -36.272347824999976, -9.168293888999962 ], [ -36.271074346999946, -9.168399395999899 ], [ -36.270618476999978, -9.169047254999946 ], [ -36.270449095999908, -9.169579701999947 ], [ -36.271141302999979, -9.17031159299993 ], [ -36.271094970999968, -9.171038290999928 ], [ -36.268880600999978, -9.17106066 ], [ -36.26887831799997, -9.171060682999915 ], [ -36.268304392999909, -9.170865198999905 ], [ -36.268433707999954, -9.170101052999918 ], [ -36.268433733999956, -9.170100899 ], [ -36.268066692999959, -9.170099267999948 ], [ -36.267069724999985, -9.171582030999975 ], [ -36.263497951999952, -9.172014289999947 ], [ -36.263495632999934, -9.172014570999972 ], [ -36.262842312999972, -9.171359726999967 ], [ -36.262444565999921, -9.171277334999989 ], [ -36.262847253999936, -9.168647937999946 ], [ -36.262582104999936, -9.167263269999953 ], [ -36.263141863999977, -9.166320516999932 ], [ -36.263907850999935, -9.165908063 ], [ -36.26471955899995, -9.165862560999965 ], [ -36.257385851999963, -9.140591119999947 ], [ -36.257255162999982, -9.140150012999953 ], [ -36.257257527, -9.140148917999952 ], [ -36.257722216999987, -9.138362116999904 ], [ -36.258040795999975, -9.137137133999978 ], [ -36.258069842999888, -9.133464185999923 ], [ -36.260313779999933, -9.129921406999891 ], [ -36.263545830999924, -9.126004450999986 ], [ -36.263645888999932, -9.123595260999956 ], [ -36.260688242, -9.118522509999899 ], [ -36.262185526999893, -9.115968374999955 ], [ -36.266074045000025, -9.112028997999971 ], [ -36.266998298999937, -9.111093323 ], [ -36.266997099000015, -9.111090688999962 ], [ -36.267864511999932, -9.10843533 ], [ -36.267713998, -9.106559983 ], [ -36.26839088299996, -9.103924266999957 ], [ -36.266843784999942, -9.102381843999968 ], [ -36.255678577999923, -9.102642004 ], [ -36.255678250999985, -9.102641756999979 ], [ -36.255674942999974, -9.102641834999897 ], [ -36.251837704999915, -9.099743505999985 ], [ -36.245524180999958, -9.099044333999956 ], [ -36.245522388999987, -9.099044135999939 ], [ -36.240961644000016, -9.099392853999927 ], [ -36.239274549999962, -9.100221969999961 ], [ -36.236458910999964, -9.10348835899995 ], [ -36.236457709999954, -9.103489751999977 ], [ -36.232547628, -9.099521400999905 ], [ -36.23181956799997, -9.098097505999952 ], [ -36.228271085, -9.094933617 ], [ -36.222467783999981, -9.086433639999974 ], [ -36.223401040999931, -9.082536390000012 ], [ -36.221559630999892, -9.076516864999958 ], [ -36.221912403999951, -9.073303137999972 ], [ -36.22064254199995, -9.073027512 ], [ -36.217438724, -9.073576637999953 ], [ -36.217436176999954, -9.073576479999939 ], [ -36.217435998999939, -9.073576510999942 ], [ -36.210338282999935, -9.073138458999935 ], [ -36.208669554999979, -9.071442873999974 ], [ -36.207688470999983, -9.071091008999904 ], [ -36.207686607999918, -9.071090339999937 ], [ -36.206904304999938, -9.071581158999958 ], [ -36.206902983999917, -9.071581988999938 ], [ -36.206002916999964, -9.071193549999951 ], [ -36.205926178999917, -9.070463973999981 ], [ -36.204716985999966, -9.069067018999949 ], [ -36.204552296999928, -9.068876757999927 ], [ -36.204555480999929, -9.068875926999947 ], [ -36.202797039999915, -9.066844917999944 ], [ -36.203370026999984, -9.061645249999955 ], [ -36.20027485399995, -9.053392899999984 ], [ -36.199233452999941, -9.048846086999925 ], [ -36.198505731999944, -9.046676743999932 ], [ -36.195727643999945, -9.044786511999941 ], [ -36.195726704999956, -9.044786174999913 ], [ -36.195724917999897, -9.044786385999931 ], [ -36.194827545999907, -9.044464610999952 ], [ -36.192289409999951, -9.04582047399996 ], [ -36.18894964299993, -9.046295474 ], [ -36.188948259999989, -9.046294984999964 ], [ -36.188946008999984, -9.046295305999902 ], [ -36.183444243999958, -9.044351257999988 ], [ -36.180726430999968, -9.041454533999943 ], [ -36.179466748000017, -9.041017317999916 ], [ -36.176949384999915, -9.04333244699998 ], [ -36.175132058999921, -9.044151095999947 ], [ -36.175128878999921, -9.044150723 ], [ -36.175128424999976, -9.044150927999933 ], [ -36.173423853999978, -9.043950779999893 ], [ -36.168854364, -9.041869425999987 ], [ -36.164135705000014, -9.040489165999915 ], [ -36.164134565000012, -9.040488832999888 ], [ -36.162621478999959, -9.040588774999986 ], [ -36.161097970999947, -9.041358283999973 ], [ -36.161097109999957, -9.04135871899992 ], [ -36.158916077999976, -9.040883760999968 ], [ -36.158912991999983, -9.040883089 ], [ -36.157664568999984, -9.042030261999972 ], [ -36.15766256699991, -9.042032100999949 ], [ -36.156216748999917, -9.04025318599993 ], [ -36.155978854999951, -9.040203730000012 ], [ -36.155861696999942, -9.040179658999886 ], [ -36.155861349, -9.040179301999947 ], [ -36.155858106, -9.040178627999978 ], [ -36.155635828999905, -9.039949791999963 ], [ -36.154787324999951, -9.039961240999933 ], [ -36.153206218999962, -9.042061730999912 ], [ -36.151731530999982, -9.04269565299996 ], [ -36.151728463, -9.042694397999945 ], [ -36.151727940999955, -9.042694621999964 ], [ -36.146753693999962, -9.040660112999937 ], [ -36.1428059039999, -9.040323624999896 ], [ -36.141039018999905, -9.039684178999924 ], [ -36.140129648999981, -9.037045573999919 ], [ -36.139799384999918, -9.036592173999974 ], [ -36.138888325999943, -9.036009822999929 ], [ -36.138392570999962, -9.035838982999916 ], [ -36.134505013999913, -9.035427160999948 ], [ -36.133215294999957, -9.035290751999941 ], [ -36.128901673, -9.034234849999972 ], [ -36.127278572999913, -9.033669513999914 ], [ -36.123831431999989, -9.029866018999893 ], [ -36.120665622999965, -9.027451461999952 ], [ -36.120662656, -9.027446595999905 ], [ -36.117916078999926, -9.023833937999953 ], [ -36.115088482, -9.022119009999901 ], [ -36.114532911999959, -9.019882514999949 ], [ -36.111495482, -9.017674134999925 ], [ -36.111495628999918, -9.017672681999983 ], [ -36.111491891999961, -9.017673103999929 ], [ -36.111592759999958, -9.01667397599995 ], [ -36.114236532999946, -9.014587847 ], [ -36.115088126999979, -9.013400680999922 ], [ -36.113773765999937, -9.009213782999975 ], [ -36.111153994999896, -9.008218360999948 ], [ -36.111152777999969, -9.008217897999911 ], [ -36.109469183999934, -9.008421713999986 ], [ -36.109466083999948, -9.008422089999929 ], [ -36.109071020999941, -9.007290242999982 ], [ -36.109889152999955, -9.00613350199993 ], [ -36.10979317200001, -9.005441417999954 ], [ -36.106526789999933, -9.001016413999935 ], [ -36.104328162999913, -8.998929334 ], [ -36.104329164, -8.998926996999984 ], [ -36.106231805999947, -8.994483346999932 ], [ -36.110555344999923, -8.989193962999892 ], [ -36.112188078999921, -8.98778807 ], [ -36.116158403999982, -8.985978955999979 ], [ -36.124610732999976, -8.983400885 ], [ -36.12681049, -8.981276315999903 ], [ -36.128485563999952, -8.977138677999946 ], [ -36.129588632, -8.971327037999949 ], [ -36.12980616499997, -8.965793261999938 ], [ -36.128941309, -8.960488602999966 ], [ -36.128249, -8.957717182999986 ], [ -36.12728033199997, -8.956110551999924 ], [ -36.126826461999897, -8.955731414 ], [ -36.126828913999923, -8.955728619999942 ], [ -36.124263927999969, -8.953587942999924 ], [ -36.122455199999976, -8.952734812999946 ], [ -36.113262921999947, -8.950695465999964 ], [ -36.100953181999913, -8.949276720999904 ], [ -36.090796161, -8.94626159300001 ], [ -36.086414201, -8.94406757099993 ], [ -36.086413247999907, -8.94406685 ], [ -36.086410567999955, -8.944067403999917 ], [ -36.083987564000033, -8.942232372999964 ], [ -36.08398796699997, -8.942229877999935 ], [ -36.082288625999965, -8.940943119999961 ], [ -36.078618743999982, -8.936293769999942 ], [ -36.076380473999976, -8.932535400999926 ], [ -36.075305367999924, -8.929106246999968 ], [ -36.073452868999951, -8.925639574999927 ], [ -36.066706752, -8.917778685999927 ], [ -36.063938635999932, -8.915337515 ], [ -36.057278787, -8.913027177999894 ], [ -36.046588799999959, -8.912005280999985 ], [ -36.033256784999892, -8.908418864999895 ], [ -36.033255451999963, -8.908419378999938 ], [ -36.033110273999938, -8.908410095999969 ], [ -36.026414432999971, -8.907969348999918 ], [ -36.026410958999946, -8.907969119999986 ], [ -36.014878605999925, -8.91243721699993 ], [ -36.005385594999979, -8.913000255999975 ], [ -36.005383915999928, -8.913000355999984 ], [ -36.000407539999941, -8.910060449999918 ], [ -35.999105287999924, -8.907729722999896 ], [ -35.995599811999959, -8.907386553000013 ], [ -35.991911373999955, -8.904720385999948 ], [ -35.988360669999977, -8.90402505299997 ], [ -35.988161717999951, -8.903986091999943 ], [ -35.987051008999977, -8.903287869999904 ], [ -35.987050088999986, -8.903287291999945 ], [ -35.986132785999942, -8.903426219999982 ], [ -35.984158608999934, -8.905216363999951 ], [ -35.984157959999969, -8.905216951999911 ], [ -35.981577585999986, -8.904563384000014 ], [ -35.979741262999923, -8.902733046 ], [ -35.978041635999986, -8.902501033999989 ], [ -35.975242746999953, -8.902119503999955 ], [ -35.975240492999944, -8.902118657999974 ], [ -35.975239157999923, -8.902118474999959 ], [ -35.974113569999957, -8.901696145999921 ], [ -35.970658043999954, -8.900397843999968 ], [ -35.970655611000019, -8.900396929999982 ], [ -35.969519318999971, -8.901104052999958 ], [ -35.968046951, -8.903745034999893 ], [ -35.968046637999976, -8.90374559499994 ], [ -35.965302546999951, -8.9031439849999 ], [ -35.963546562999966, -8.902407648 ], [ -35.962632379, -8.901207862000021 ], [ -35.96279100999989, -8.898954527999919 ], [ -35.962271087999945, -8.898094081999957 ], [ -35.961961659999922, -8.895411709999973 ], [ -35.961253766999974, -8.894370058999939 ], [ -35.961014481999982, -8.894017954999939 ], [ -35.959466908999921, -8.892923955999926 ], [ -35.95596713299998, -8.894305254999907 ], [ -35.955964978999894, -8.894304102999989 ], [ -35.954522508999915, -8.893532454 ], [ -35.954520743999943, -8.893533284999894 ], [ -35.95451887699997, -8.893532285999989 ], [ -35.953443725999918, -8.894037439999952 ], [ -35.95344006399997, -8.89403916 ], [ -35.953103777999942, -8.89291362899996 ], [ -35.950620961999952, -8.89229483899992 ], [ -35.949719429999966, -8.890557149999939 ], [ -35.944496408, -8.886329171999968 ], [ -35.942537494999918, -8.885599828999929 ], [ -35.936230687999988, -8.884858609999975 ], [ -35.933220591999977, -8.884505102999945 ], [ -35.933218931999924, -8.884504907999929 ], [ -35.92428024099992, -8.884627447999943 ], [ -35.924276034999927, -8.884627505999948 ], [ -35.92183110899996, -8.882668521999953 ], [ -35.921146457999981, -8.880729661999936 ], [ -35.92101606899994, -8.878270154999917 ], [ -35.919701602999979, -8.876761329999955 ], [ -35.91773183799998, -8.870590673 ], [ -35.916392980999966, -8.867583546999974 ], [ -35.911417498999967, -8.861289080999907 ], [ -35.911079903, -8.86110474500002 ], [ -35.911079147999942, -8.861104331999986 ], [ -35.909724444999938, -8.86121958499993 ], [ -35.906831168999915, -8.863151569 ], [ -35.906830708999962, -8.863151875999936 ], [ -35.900988366, -8.862411864 ], [ -35.899821718999931, -8.86123796399994 ], [ -35.89902787399997, -8.858559152999895 ], [ -35.89620071599991, -8.85426851699998 ], [ -35.895231008999964, -8.854374997 ], [ -35.894318270999939, -8.855380393999962 ], [ -35.892671187, -8.859514258999962 ], [ -35.890787662999941, -8.861392853999966 ], [ -35.888808476999962, -8.862625030999954 ], [ -35.886951989999929, -8.863069035 ], [ -35.886948647999908, -8.863068538999968 ], [ -35.885547249999952, -8.862860404999978 ], [ -35.885547209999949, -8.862860398999977 ], [ -35.884337576999968, -8.862680744999945 ], [ -35.884336438999959, -8.862680174999987 ], [ -35.884333080999944, -8.862679674999946 ], [ -35.880457578999916, -8.860736986999967 ], [ -35.879059329999954, -8.859608536999946 ], [ -35.875521091999943, -8.85889163899996 ], [ -35.874095692999958, -8.859437815999943 ], [ -35.87409325199993, -8.859437190999891 ], [ -35.871916774999974, -8.858879834999961 ], [ -35.871912450999972, -8.858879680999948 ], [ -35.866922581000019, -8.858701595999957 ], [ -35.866922346, -8.858701539999952 ], [ -35.866918041, -8.85870138599994 ], [ -35.863868010999973, -8.857970653999963 ], [ -35.861934380999941, -8.858369151999984 ], [ -35.860888841999945, -8.858903138999935 ], [ -35.859761201, -8.860482381999951 ], [ -35.858398707999967, -8.860679029999968 ], [ -35.855405423000015, -8.862719717999973 ], [ -35.853206457999967, -8.866307665999923 ], [ -35.851239725999953, -8.86802564 ], [ -35.850238739999909, -8.868899753999898 ], [ -35.849143348999959, -8.87181229499992 ], [ -35.847374532999893, -8.871763969 ], [ -35.844272176999972, -8.872702812999972 ], [ -35.842519638999917, -8.87292522 ], [ -35.842519028999959, -8.87292451099993 ], [ -35.842515097999986, -8.872925009999971 ], [ -35.840179252999988, -8.870206378 ], [ -35.837050965999964, -8.868741687999965 ], [ -35.837050648999941, -8.868741538999952 ], [ -35.835444426, -8.868717977999957 ], [ -35.833897203999967, -8.870219574999943 ], [ -35.833896283999891, -8.870220466999928 ], [ -35.832890595, -8.869914192 ], [ -35.831684861999975, -8.868547134999943 ], [ -35.830588312000017, -8.868486842999928 ], [ -35.827393988999958, -8.869714497999986 ], [ -35.82695234899991, -8.870094249999966 ], [ -35.826576381999985, -8.87041752899998 ], [ -35.826572046999978, -8.870417140999947 ], [ -35.826571841999957, -8.870417317999962 ], [ -35.825748201999936, -8.870343746999914 ], [ -35.824468871999954, -8.868652426999951 ], [ -35.825497440999968, -8.863833518999936 ], [ -35.8229761609999, -8.857419121999982 ], [ -35.822150584999982, -8.856922105999981 ], [ -35.822150388999965, -8.856921987999971 ], [ -35.819911051999959, -8.856874305999934 ], [ -35.815864841999925, -8.857403576999939 ], [ -35.811638270999893, -8.860138476 ], [ -35.810344712999978, -8.86052006199996 ], [ -35.810249279999901, -8.86051493 ], [ -35.807900172999958, -8.86038861699992 ], [ -35.807898973999947, -8.860387723999935 ], [ -35.807895676999941, -8.860387546 ], [ -35.806565285, -8.859396948999937 ], [ -35.805170003999926, -8.856871592999976 ], [ -35.801796283999934, -8.85425110399996 ], [ -35.799953834, -8.851802565999961 ], [ -35.799564463999928, -8.850294204999948 ], [ -35.797752003999975, -8.850067898999963 ], [ -35.796835993999949, -8.847871938 ], [ -35.796209707999907, -8.847399714999909 ], [ -35.796208362999977, -8.847398699999914 ], [ -35.795070697999989, -8.84768491599997 ], [ -35.793606026999953, -8.850268985999904 ], [ -35.790617567999952, -8.853412439999936 ], [ -35.790616481999955, -8.853413581999941 ], [ -35.789786541999938, -8.853088766999978 ], [ -35.78888852799998, -8.851310233999904 ], [ -35.787600438999981, -8.851131022999908 ], [ -35.785467077999947, -8.85458816999996 ], [ -35.783252282999925, -8.855650473999926 ], [ -35.781328851999945, -8.860965691999972 ], [ -35.780492275, -8.861075166999971 ], [ -35.780491568999942, -8.861074453999912 ], [ -35.78048773499998, -8.861074955999953 ], [ -35.77901431199993, -8.859587933999929 ], [ -35.777044015999977, -8.858431707 ], [ -35.777043486999929, -8.858431395999983 ], [ -35.775979953999951, -8.858457892999954 ], [ -35.775958233000019, -8.859527921999938 ], [ -35.776863877, -8.86063585499995 ], [ -35.776965431999955, -8.861697818999975 ], [ -35.775768908999986, -8.863584245 ], [ -35.776873540999901, -8.869056346999976 ], [ -35.776915682000016, -8.869265271999943 ], [ -35.778836197999937, -8.871569118999961 ], [ -35.779091752999939, -8.873126366999934 ], [ -35.781465203999943, -8.87829202199995 ], [ -35.782202377999923, -8.878918779999939 ], [ -35.783677143, -8.882001460999916 ], [ -35.782082380999938, -8.883464003999958 ], [ -35.780613804000019, -8.888016267999937 ], [ -35.779138175999968, -8.888641741 ], [ -35.779177728999947, -8.8900768519999 ], [ -35.780288288999913, -8.891341105999967 ], [ -35.782980726999931, -8.897542132999941 ], [ -35.781731079999915, -8.898622327999966 ], [ -35.780209582999973, -8.8982408099999 ], [ -35.780207961999935, -8.898241330999973 ], [ -35.780205041999949, -8.898240599 ], [ -35.77818839699998, -8.898888191999937 ], [ -35.773241219999925, -8.906139212999925 ], [ -35.771586442999961, -8.906260287999906 ], [ -35.769023349999898, -8.907437265999945 ], [ -35.766593448999934, -8.907147277000021 ], [ -35.766592438999936, -8.907147551999955 ], [ -35.766588, -8.907147022999911 ], [ -35.763105663000012, -8.908095866999904 ], [ -35.760917121999938, -8.908080696999981 ], [ -35.75882361, -8.910011843999982 ], [ -35.754535753999967, -8.912252499000012 ], [ -35.752024148, -8.914683034999943 ], [ -35.748399401999926, -8.917151621 ], [ -35.748398970999979, -8.917151913999938 ], [ -35.744922462000012, -8.91672447900001 ], [ -35.742912023999935, -8.915207688999921 ], [ -35.736403621999926, -8.911918071999963 ], [ -35.7290232779999, -8.910539926999977 ], [ -35.724864176999944, -8.909763289999933 ], [ -35.723757276999926, -8.909556595999973 ], [ -35.723310268999981, -8.909471692999965 ], [ -35.7233073, -8.909471128999918 ], [ -35.723305404999934, -8.909470766999977 ], [ -35.723305368999931, -8.909470757999976 ], [ -35.72330134799995, -8.909469998 ], [ -35.722543839999979, -8.909052512999921 ], [ -35.722332486999989, -8.908936029999964 ], [ -35.722158970999935, -8.908840399999956 ], [ -35.721679376999951, -8.908576080999936 ], [ -35.721492339999934, -8.908473 ], [ -35.718266747999941, -8.906697885999964 ], [ -35.71370214800001, -8.904798382999918 ], [ -35.713700799999984, -8.90479782199996 ], [ -35.711682240999949, -8.905017965999967 ], [ -35.707998858999915, -8.906634263999942 ], [ -35.700280334999974, -8.906590510999962 ], [ -35.700275202999904, -8.906590480999959 ], [ -35.69212395299995, -8.900771789 ], [ -35.689237174999924, -8.899483192999963 ], [ -35.687502299, -8.898506311999959 ], [ -35.684485640999981, -8.897513348999958 ], [ -35.680921775999892, -8.896991729999964 ], [ -35.679406619999938, -8.898442427 ], [ -35.677380849999921, -8.898484523999933 ], [ -35.677380214999957, -8.898484169 ], [ -35.677375400999914, -8.898484268999912 ], [ -35.674754538999956, -8.897017674999979 ], [ -35.671204082, -8.896634042999946 ], [ -35.669993663999946, -8.895252449999941 ], [ -35.669992911999977, -8.895245626999909 ], [ -35.66857431299993, -8.894095878999989 ], [ -35.668568846999918, -8.894095794999984 ], [ -35.664726829, -8.890982411999953 ], [ -35.663113732999932, -8.889674340999903 ], [ -35.660884745999979, -8.882871534999964 ], [ -35.657517862999939, -8.880658471999908 ], [ -35.656911156, -8.88052480099995 ], [ -35.656354671999971, -8.880402270999937 ], [ -35.656349384999977, -8.880401106999932 ], [ -35.655764862999938, -8.88064918199994 ], [ -35.653871870999978, -8.88144164499996 ], [ -35.653786452999931, -8.881488833999956 ], [ -35.651978515999907, -8.882256135999938 ], [ -35.650944455999969, -8.882380051999977 ], [ -35.646629428, -8.882281275999976 ], [ -35.644274203, -8.882982623 ], [ -35.644273985999966, -8.882982688000013 ], [ -35.637888554999925, -8.882592006000017 ], [ -35.632127759999968, -8.881278329999947 ], [ -35.629132909999967, -8.879337600999953 ], [ -35.629132910999964, -8.879335184999931 ], [ -35.624477659, -8.876318501999908 ], [ -35.624471442999919, -8.87631686699995 ], [ -35.623430927999983, -8.875642589999938 ], [ -35.622912345999971, -8.874545076999901 ], [ -35.622915229999947, -8.874541368999949 ], [ -35.622489048999945, -8.873639827999963 ], [ -35.622624389999949, -8.87230108599995 ], [ -35.622053318999953, -8.871834667999989 ], [ -35.622051593999984, -8.871837453999959 ], [ -35.620919932999968, -8.870913178999956 ], [ -35.62028403199993, -8.868889471999935 ], [ -35.613782318999945, -8.864394634999913 ], [ -35.610327504999908, -8.863527362999918 ], [ -35.610326248999982, -8.86352704799998 ], [ -35.609326095, -8.863541364999922 ], [ -35.606466202999989, -8.86516849 ], [ -35.605496212999938, -8.865153030999956 ], [ -35.605491243999971, -8.865152951999949 ], [ -35.604261146999889, -8.864700683999921 ], [ -35.600771364999979, -8.862118644999978 ], [ -35.597758923999947, -8.861722434999969 ], [ -35.596193649999933, -8.860991697 ], [ -35.595428557999959, -8.859852181999944 ], [ -35.59495863799998, -8.856089289999908 ], [ -35.594111953, -8.854854654999983 ], [ -35.589652591999894, -8.851711378999966 ], [ -35.58799857, -8.848883933999968 ], [ -35.585914158000016, -8.847469935999946 ], [ -35.582523409999951, -8.846467753999981 ], [ -35.580648325999967, -8.84459408699994 ], [ -35.577680684, -8.843488557999951 ], [ -35.575503961999935, -8.843339253999943 ], [ -35.57227830099994, -8.841930085999966 ], [ -35.571404180999913, -8.841984309999923 ], [ -35.570174935999901, -8.842790766999947 ], [ -35.570171067999937, -8.842789474999929 ], [ -35.568930283999947, -8.842374977 ], [ -35.568769732999989, -8.842153258999957 ], [ -35.568766175999961, -8.842155614999974 ], [ -35.568381815999956, -8.841624824999933 ], [ -35.568211326999972, -8.840453968999956 ], [ -35.568185851999907, -8.840279015999958 ], [ -35.568169670999985, -8.840167888999911 ], [ -35.568114933, -8.839791963999982 ], [ -35.568051575999988, -8.839356851999952 ], [ -35.567481846999918, -8.835444159999955 ], [ -35.567331497999916, -8.83517061199997 ], [ -35.566800846999975, -8.835200375999946 ], [ -35.566799333999938, -8.835199901 ], [ -35.566795398999965, -8.835200120999925 ], [ -35.565951673999969, -8.834934938999922 ], [ -35.56550595899995, -8.834504863999953 ], [ -35.563823728999935, -8.832881664999942 ], [ -35.563797374999979, -8.831783 ], [ -35.563678790000033, -8.831646517999975 ], [ -35.561911251999973, -8.831419658999945 ], [ -35.561813599999972, -8.831407125999974 ], [ -35.561771717999974, -8.831401749999973 ], [ -35.561624089999924, -8.831382802999915 ], [ -35.561619086999954, -8.831382160999951 ], [ -35.560019535999949, -8.832774915999989 ], [ -35.55924429500002, -8.831847289999889 ], [ -35.559239643, -8.831847985999946 ], [ -35.559238847999922, -8.831847034999956 ], [ -35.558134727999963, -8.832012256999949 ], [ -35.557883624999967, -8.83204983299995 ], [ -35.557879566999901, -8.832050439999911 ], [ -35.55696760499994, -8.831484034999942 ], [ -35.555901258999903, -8.830822547000011 ], [ -35.554982216999989, -8.829296255999935 ], [ -35.55370287599991, -8.828645222999981 ], [ -35.552036221999941, -8.829011079999965 ], [ -35.552032637, -8.829010415 ], [ -35.552030774999935, -8.829010824999944 ], [ -35.548320049999951, -8.828322906999958 ], [ -35.546640296999968, -8.827590523999934 ], [ -35.546366482999964, -8.827110005999968 ], [ -35.546857011999961, -8.825765176999894 ], [ -35.546734435999944, -8.825405433999972 ], [ -35.545352659999921, -8.824528843999918 ], [ -35.545350673999934, -8.824527583999989 ], [ -35.544959858999931, -8.824641075999967 ], [ -35.544109635000012, -8.825657344999943 ], [ -35.544105542999944, -8.825662235 ], [ -35.543692049999926, -8.824092514999965 ], [ -35.542633331999987, -8.823867257999979 ], [ -35.542374950999928, -8.823068791 ], [ -35.539818691999983, -8.821086945999973 ], [ -35.539816828999918, -8.821081779999901 ], [ -35.538710548999966, -8.820223843999969 ], [ -35.538705343999972, -8.820223776999963 ], [ -35.53713800899996, -8.820203658999986 ], [ -35.537137883999954, -8.82020344199997 ], [ -35.537131653999971, -8.820203360999962 ], [ -35.536795729999973, -8.819620917999911 ], [ -35.535182636999913, -8.81945526499997 ], [ -35.535177908999962, -8.81945477899993 ], [ -35.535173203999932, -8.819458730999902 ], [ -35.535046068999982, -8.819505453999948 ], [ -35.534670097999957, -8.819881360999965 ], [ -35.534623369, -8.819920614999926 ], [ -35.534110145999904, -8.821936945999958 ], [ -35.533852853999932, -8.823878261999912 ], [ -35.532797981999956, -8.827081011999965 ], [ -35.531445788999989, -8.82827033599996 ], [ -35.531445278999946, -8.828270783999908 ], [ -35.530121645999941, -8.828082165999934 ], [ -35.528825606999909, -8.827322106999929 ], [ -35.526984657, -8.823975195999941 ], [ -35.520494130999964, -8.820394242999946 ], [ -35.518627707999897, -8.818692074999973 ], [ -35.517771201, -8.81675838599994 ], [ -35.517770723999959, -8.816757308999939 ], [ -35.516695843000015, -8.816935194999914 ], [ -35.515918852999945, -8.817922264999963 ], [ -35.514601462, -8.817523483999917 ], [ -35.51460075199995, -8.817524663000015 ], [ -35.514596013999913, -8.817523227999985 ], [ -35.513992881999926, -8.818525076999922 ], [ -35.511525611999978, -8.817535294 ], [ -35.51152264199991, -8.817536032999978 ], [ -35.511520163999968, -8.817535038999985 ], [ -35.507144771999968, -8.818623521999896 ], [ -35.505960251000019, -8.821230680999964 ], [ -35.504257923999944, -8.822298783999965 ], [ -35.502665403999984, -8.8224310969999 ], [ -35.502661111999984, -8.822431453999929 ], [ -35.501021851999973, -8.820261199999951 ], [ -35.500381406999921, -8.820168079999974 ], [ -35.50035634599989, -8.824963587999918 ], [ -35.499299216999908, -8.82657940599994 ], [ -35.498808356999973, -8.82685001799995 ], [ -35.498804758999938, -8.826848738999931 ], [ -35.498802908999963, -8.826849762999927 ], [ -35.497325624999945, -8.826324883999931 ], [ -35.496332403999922, -8.82814606 ], [ -35.495759138000011, -8.828302571999963 ], [ -35.49575840599995, -8.828301021999923 ], [ -35.495753690999912, -8.828302315999942 ], [ -35.494543220999944, -8.825743154999937 ], [ -35.493477247999941, -8.825330222999966 ], [ -35.489628171999968, -8.827232076999941 ], [ -35.488194647999933, -8.827356803999958 ], [ -35.488193266999907, -8.827356072999986 ], [ -35.486155194999938, -8.826277726999937 ], [ -35.486149041999965, -8.826277535999921 ], [ -35.482128869999954, -8.826152418999961 ], [ -35.48212882399995, -8.826152330999953 ], [ -35.482123421999951, -8.826152162999939 ], [ -35.480832722999914, -8.823667742999902 ], [ -35.481102922999987, -8.821023268999944 ], [ -35.48058205599996, -8.819934588999928 ], [ -35.4781982229999, -8.819568723999943 ], [ -35.476211941999949, -8.818270951999946 ], [ -35.474794413, -8.817345148 ], [ -35.474364626999957, -8.817313450999947 ], [ -35.472232156, -8.817156892999961 ], [ -35.472231049999905, -8.817156095999984 ], [ -35.472226752999987, -8.817155778999958 ], [ -35.470700793999946, -8.816056146999925 ], [ -35.470125158999927, -8.813129116999946 ], [ -35.467591904999935, -8.814026439999939 ], [ -35.466905088999951, -8.815290832999928 ], [ -35.467692825999933, -8.816974844999908 ], [ -35.46753162600001, -8.817435648999933 ], [ -35.466591111, -8.817636875999973 ], [ -35.46658774199998, -8.817635938999985 ], [ -35.466584754999914, -8.817636577999949 ], [ -35.465163554999918, -8.817240970999901 ], [ -35.464297278999915, -8.816367332 ], [ -35.46234572, -8.818830582999976 ], [ -35.464469463999954, -8.820214862999936 ], [ -35.464232561999978, -8.821366034999883 ], [ -35.462883295999987, -8.823877777999961 ], [ -35.463562668999977, -8.825737514999915 ], [ -35.465143601999962, -8.826230234 ], [ -35.465421146, -8.827411610999963 ], [ -35.466762331999952, -8.828264153999982 ], [ -35.465205913999959, -8.829040778999936 ], [ -35.46520238199993, -8.829039566999924 ], [ -35.463888628999946, -8.828588840999934 ], [ -35.463886330999934, -8.828589666 ], [ -35.463233004999964, -8.828824058999945 ], [ -35.461842373999929, -8.830161178 ], [ -35.461377872999947, -8.830607696 ], [ -35.460217719999967, -8.832292254999935 ], [ -35.46049990599996, -8.834685191999954 ], [ -35.459971919999973, -8.837111624999988 ], [ -35.459827679999897, -8.837774500999945 ], [ -35.459785915999944, -8.837836584999931 ], [ -35.459431717999948, -8.838363108999975 ], [ -35.459295041999923, -8.83856628099991 ], [ -35.459187588, -8.838726012999892 ], [ -35.459091131999926, -8.838869396999943 ], [ -35.459039537999921, -8.838902337 ], [ -35.458966548, -8.838948936999952 ], [ -35.458528503999915, -8.83922860599991 ], [ -35.456513369999982, -8.840515163999957 ], [ -35.455935216999926, -8.840884283999944 ], [ -35.455818314999938, -8.840958919999904 ], [ -35.455518454999904, -8.840992706999945 ], [ -35.453522069000016, -8.841217652999905 ], [ -35.453456089999975, -8.841224071999903 ], [ -35.453451759999972, -8.841224558999944 ], [ -35.452097162999976, -8.840697872999975 ], [ -35.451561356999967, -8.840965271999984 ], [ -35.450814568999903, -8.841337962999912 ], [ -35.450555026999922, -8.841479229999965 ], [ -35.450570887, -8.841459474000018 ], [ -35.449483183999966, -8.842001852999953 ], [ -35.449478545999938, -8.842000696999946 ], [ -35.446604144999966, -8.841284253 ], [ -35.446600429999926, -8.841284428999924 ], [ -35.446598696999956, -8.841283996999977 ], [ -35.444173034999984, -8.841397553999958 ], [ -35.444169916, -8.8413977 ], [ -35.441521839999915, -8.840315520999958 ], [ -35.439824394999981, -8.841562237999906 ], [ -35.439818839999965, -8.841561349999921 ], [ -35.439818038999896, -8.84156193799997 ], [ -35.435871447999936, -8.840930867999891 ], [ -35.434808255999897, -8.84024803799997 ], [ -35.431915620000012, -8.836009115999982 ], [ -35.429171139999951, -8.837095142999956 ], [ -35.426798355999914, -8.837164936999958 ], [ -35.4238708849999, -8.838523850999952 ], [ -35.423866743, -8.838522523999931 ], [ -35.423864529, -8.838523551999927 ], [ -35.423165302999962, -8.838299487999951 ], [ -35.422087540999961, -8.836533490999937 ], [ -35.419391172999973, -8.836590215999923 ], [ -35.418818027999983, -8.836918688000011 ], [ -35.418480313000018, -8.838569204999974 ], [ -35.416698035999985, -8.838835472999978 ], [ -35.416695254999937, -8.838834322999972 ], [ -35.416694751999984, -8.838834114999955 ], [ -35.416694447999959, -8.838834443999893 ], [ -35.415616182999912, -8.838390219 ], [ -35.414331699999956, -8.836411889 ], [ -35.414077562999971, -8.836397020999925 ], [ -35.411225583, -8.836230962999952 ], [ -35.409525032999973, -8.837886833 ], [ -35.406887943999912, -8.838419135 ], [ -35.407848469999983, -8.841341840999966 ], [ -35.407510132999967, -8.842388856999911 ], [ -35.405555901999925, -8.844002525999933 ], [ -35.401785886999917, -8.848784671999926 ], [ -35.399991621999966, -8.850312811999977 ], [ -35.397952298999897, -8.850514212999943 ], [ -35.3979492, -8.850513590999981 ], [ -35.397945942999989, -8.850513912999919 ], [ -35.394570326999933, -8.84983599399996 ], [ -35.350754659999978, -8.8607129199999 ], [ -35.306329468999948, -8.87186917 ], [ -35.29929234599998, -8.873635790999984 ], [ -35.287654071999988, -8.876555799999913 ], [ -35.287648575999981, -8.876555008999937 ], [ -35.283958043999981, -8.876024323 ], [ -35.282625348999936, -8.875832685999946 ], [ -35.28262396199991, -8.875832234 ], [ -35.282619037999943, -8.875831524999938 ], [ -35.280104090999956, -8.875012816999966 ], [ -35.277587401999916, -8.875164155999965 ], [ -35.275044595999937, -8.877354980999957 ], [ -35.273060488999903, -8.877521828999907 ], [ -35.271519195999915, -8.878616361999963 ], [ -35.268969072999951, -8.879160423999949 ], [ -35.268667174999926, -8.879327502 ], [ -35.267998326999923, -8.88004506799996 ], [ -35.267149687999961, -8.880955522999972 ], [ -35.26714258, -8.880954197999952 ], [ -35.267142468999985, -8.880954317999961 ], [ -35.266009182999916, -8.88074355000002 ], [ -35.266008833999898, -8.880742914999967 ], [ -35.265195293, -8.880591303999946 ], [ -35.265193719999949, -8.880591889999907 ], [ -35.265188936999905, -8.880591 ], [ -35.262906703999903, -8.881441057999913 ], [ -35.26077505300001, -8.883304568 ], [ -35.257085446999909, -8.885105638999985 ], [ -35.255126188999981, -8.885525485999906 ], [ -35.252782133000011, -8.887233015999968 ], [ -35.248129984999935, -8.884962379999944 ], [ -35.248124385, -8.88496244499995 ], [ -35.246482200999935, -8.884981662999941 ], [ -35.246480497999968, -8.884981250999907 ], [ -35.246474936999952, -8.884981315999912 ], [ -35.242679028999937, -8.884062841999945 ], [ -35.24093442099992, -8.88322613 ], [ -35.240811228999938, -8.883206081999933 ], [ -35.237841692, -8.882723544999976 ], [ -35.237837536999919, -8.882722869999901 ], [ -35.235015989999965, -8.883198548999934 ], [ -35.232326507000018, -8.884326809999937 ], [ -35.231568255999981, -8.884034663999923 ], [ -35.231564649999953, -8.884035723999922 ], [ -35.231560992, -8.884034315999983 ], [ -35.22958962699996, -8.884614220999914 ], [ -35.22838124, -8.885502345999946 ], [ -35.22713530399993, -8.885548506999946 ], [ -35.22545559499995, -8.887139829999985 ], [ -35.222115913999936, -8.88739274399995 ], [ -35.220107113, -8.889273204999931 ], [ -35.220106816999966, -8.889273482999954 ], [ -35.218125955999938, -8.889083183999929 ], [ -35.217491582999941, -8.888576949999965 ], [ -35.217490885999972, -8.888576393999919 ], [ -35.215114624, -8.888650916999957 ], [ -35.214155334999944, -8.889166485999985 ], [ -35.212810117999929, -8.888573224000012 ], [ -35.212806253999965, -8.888574019999989 ], [ -35.212803761999936, -8.888572919999987 ], [ -35.21144720399996, -8.888851890999977 ], [ -35.210928576999947, -8.890778073000011 ], [ -35.209093982999946, -8.891763713999939 ], [ -35.207992082999986, -8.890842018999972 ], [ -35.20798528399996, -8.890842059999976 ], [ -35.206795518000014, -8.890849168999942 ], [ -35.206794857999959, -8.890848782 ], [ -35.206788253999946, -8.890848821 ], [ -35.20498526399998, -8.889789944999967 ], [ -35.203074747, -8.888227486999916 ], [ -35.200594823999978, -8.888219312999951 ], [ -35.200593870999988, -8.888218983999923 ], [ -35.200588578999906, -8.88821715499995 ], [ -35.20058756000001, -8.888218964000011 ], [ -35.198100679999939, -8.887358578999965 ], [ -35.195889284999929, -8.888340291999924 ], [ -35.192150915999967, -8.88876379199997 ], [ -35.192145778999901, -8.888763203999924 ], [ -35.192143650999988, -8.888763443999942 ], [ -35.190102684999964, -8.888529334999934 ], [ -35.190095971999938, -8.888528563999959 ], [ -35.188442413999987, -8.889793082999958 ], [ -35.185885115999966, -8.890035062 ], [ -35.185879729999961, -8.890035571999949 ], [ -35.181592324999961, -8.888076488999946 ], [ -35.181589182999964, -8.888075053 ], [ -35.178768793999929, -8.888818397999959 ], [ -35.176742156999936, -8.888839806999954 ], [ -35.174240499999982, -8.890389302999907 ], [ -35.171231817, -8.890561261999924 ], [ -35.168251302999948, -8.892471078999936 ], [ -35.166063049999899, -8.894581346999924 ], [ -35.16483424499993, -8.89643419699993 ], [ -35.162809637999921, -8.897415746999965 ], [ -35.162783405999967, -8.897428463999951 ], [ -35.162648923999946, -8.897562945999976 ], [ -35.162522389999957, -8.897843521999921 ], [ -35.162048660000018, -8.898312598999919 ], [ -35.161217385999983, -8.898885409999973 ], [ -35.160308357, -8.899610592999935 ], [ -35.158865279999965, -8.90069603799995 ], [ -35.157426538999943, -8.901742124999906 ], [ -35.156853234000025, -8.902027817 ], [ -35.156559711999897, -8.902293017000012 ], [ -35.155982966999957, -8.902769346999989 ], [ -35.155934047, -8.903322918999962 ], [ -35.155761537999936, -8.90355464699995 ], [ -35.155673995999976, -8.903752902999923 ], [ -35.155668846999987, -8.904059297999961 ], [ -35.155622500999975, -8.904211208999918 ], [ -35.155506636999981, -8.904363118999964 ], [ -35.155506636999981, -8.904430062999907 ], [ -35.155482337999928, -8.904560661999966 ], [ -35.15550758599997, -8.904686902999931 ], [ -35.155633826999939, -8.904858591999925 ], [ -35.155674225, -8.905035329999983 ], [ -35.155766628, -8.905190723999961 ], [ -35.155904582999959, -8.905344295999967 ], [ -35.15593842, -8.905505676999908 ], [ -35.155891567999944, -8.905633218999981 ], [ -35.155766628, -8.905721717999931 ], [ -35.155875950999985, -8.90604708299994 ], [ -35.155914993999929, -8.906169419999937 ], [ -35.155813480999967, -8.906286550999948 ], [ -35.155682893999909, -8.906661744 ], [ -35.155687076999989, -8.907042394999959 ], [ -35.155645246999903, -8.90752343799997 ], [ -35.155649858999929, -8.907897265 ], [ -35.155411788999949, -8.90815867599995 ], [ -35.155365108, -8.908338395999987 ], [ -35.155295087999974, -8.908487774 ], [ -35.155290418999947, -8.908681497999954 ], [ -35.15528108299997, -8.908816870999964 ], [ -35.155232975999986, -8.908933118999901 ], [ -35.155225325999979, -8.909128203999966 ], [ -35.155267403, -8.909353890999988 ], [ -35.155225325999979, -8.909560451999937 ], [ -35.15508761899995, -8.909767013999975 ], [ -35.154911658999957, -8.909858818999933 ], [ -35.154731873999914, -8.910023302999953 ], [ -35.154708922999973, -8.910298716999915 ], [ -35.154781601999943, -8.910524404999936 ], [ -35.154766300999924, -8.910753917 ], [ -35.154685971999946, -8.910872497999961 ], [ -35.154525312999965, -8.910914575999891 ], [ -35.15437230500001, -8.910876323999922 ], [ -35.154192519999967, -8.910841896999916 ], [ -35.154108365999932, -8.910906924999967 ], [ -35.154062462999953, -8.910998729999925 ], [ -35.154062462999953, -8.911117311999966 ], [ -35.154001259999951, -8.911197640999951 ], [ -35.153863551999926, -8.911339173999938 ], [ -35.153848251999904, -8.911457754999979 ], [ -35.15394005699995, -8.911683442 ], [ -35.154005084999909, -8.911970332999935 ], [ -35.154070113999964, -8.912065962999943 ], [ -35.154238422999946, -8.912188369999946 ], [ -35.154391431, -8.91226104899992 ], [ -35.154464109999971, -8.912253398 ], [ -35.154628593999988, -8.912192194999907 ], [ -35.154731873999914, -8.912146291999928 ], [ -35.154793077999919, -8.912165418 ], [ -35.154877231999954, -8.91226104899992 ], [ -35.15501494, -8.912345202999955 ], [ -35.155276847999978, -8.912443477999915 ], [ -35.155421733999972, -8.912599508999946 ], [ -35.155321428999933, -8.912889279999941 ], [ -35.155009366999963, -8.913167905999989 ], [ -35.154931352, -8.913502256999944 ], [ -35.154788688999908, -8.913745972999948 ], [ -35.154663870999975, -8.913959204 ], [ -35.154407535, -8.913981493999895 ], [ -35.154173488999987, -8.913736302999947 ], [ -35.154021056999987, -8.913665168999923 ], [ -35.153671960999972, -8.913502256999944 ], [ -35.153404479999956, -8.913624852999963 ], [ -35.153203868999967, -8.913825463999952 ], [ -35.1528918079999, -8.913892333999978 ], [ -35.152526500999961, -8.913837168999944 ], [ -35.151950451999909, -8.91638627 ], [ -35.153004804999924, -8.917107368999982 ], [ -35.153836777000016, -8.918535381 ], [ -35.154503221999917, -8.919691457999917 ], [ -35.155560742999938, -8.920901372999928 ], [ -35.156204043999956, -8.922706165999955 ], [ -35.159645338999937, -8.925951677999905 ], [ -35.162148541999933, -8.928316607999914 ], [ -35.162288712999981, -8.92849821899993 ], [ -35.166986773999945, -8.934752935999906 ], [ -35.167172438999941, -8.935462523999909 ], [ -35.167344167999943, -8.936105599 ], [ -35.167676916999937, -8.937639361999988 ], [ -35.167817412999931, -8.938148433 ], [ -35.167915181999938, -8.938311381999902 ], [ -35.168012950999952, -8.938604688999924 ], [ -35.168094606999951, -8.939084952999959 ], [ -35.168186762999937, -8.939495475999909 ], [ -35.168306258999962, -8.939875688999926 ], [ -35.16844748099993, -8.940179859999958 ], [ -35.168610429999916, -8.940549210999965 ], [ -35.168762514999969, -8.941092372999965 ], [ -35.168795105, -8.941461722999971 ], [ -35.16895805399998, -8.94199402199996 ], [ -35.169066685999908, -8.942526321999949 ], [ -35.169066685999908, -8.942993440999963 ], [ -35.169073274000013, -8.943217411999932 ], [ -35.169119330999912, -8.943384919999936 ], [ -35.169218848999975, -8.943693905000011 ], [ -35.169292648999956, -8.944020729999963 ], [ -35.169439782999959, -8.944223808999979 ], [ -35.169661289, -8.944692880999977 ], [ -35.169726437999969, -8.945122862999938 ], [ -35.169921883999969, -8.945591935000024 ], [ -35.170013092999966, -8.945995857999961 ], [ -35.170062269999953, -8.946435019999971 ], [ -35.170273124999902, -8.946951614999904 ], [ -35.170443075000016, -8.94785911499994 ], [ -35.170612461999909, -8.949123002999976 ], [ -35.170842432999933, -8.950167153999949 ], [ -35.1708860869999, -8.950699605999951 ], [ -35.170925176999937, -8.951364123999955 ], [ -35.171133075999911, -8.952351567999944 ], [ -35.171554157999935, -8.953663897999903 ], [ -35.171656013999922, -8.953956366999943 ], [ -35.171692668999938, -8.954061619999948 ], [ -35.172266002999947, -8.955750346999963 ], [ -35.172549233999931, -8.95666441199992 ], [ -35.172886738999971, -8.957833835999956 ], [ -35.173204009999928, -8.958432670999944 ], [ -35.173497138999934, -8.958982933999909 ], [ -35.173573357999935, -8.959252246999899 ], [ -35.173684255999966, -8.959644097999989 ], [ -35.173850370999943, -8.960231054999973 ], [ -35.173926678999948, -8.960500682999989 ], [ -35.174416798, -8.962232483999927 ], [ -35.174597397999932, -8.962870622999969 ], [ -35.174714031999905, -8.963282742999962 ], [ -35.174920640999943, -8.964012780999969 ], [ -35.174970505999987, -8.964483261999906 ], [ -35.175650588999943, -8.966368483999926 ], [ -35.175740705999942, -8.966754699 ], [ -35.176318270999943, -8.967935937999943 ], [ -35.176482458999942, -8.968567250999953 ], [ -35.176770612999981, -8.969677062999942 ], [ -35.176950846999972, -8.969908791999931 ], [ -35.177517295999941, -8.970269259999913 ], [ -35.17827382099992, -8.971096741999901 ], [ -35.178556934999989, -8.971866910999942 ], [ -35.179032035999953, -8.972721478999951 ], [ -35.179386327999957, -8.973358746999921 ], [ -35.179740619999961, -8.973996013999979 ], [ -35.179996813999928, -8.974456833 ], [ -35.180231541, -8.975031341999934 ], [ -35.180584961999919, -8.975896364999919 ], [ -35.180840353999912, -8.976521452999947 ], [ -35.181030426999918, -8.976986670999981 ], [ -35.181249142, -8.977447329 ], [ -35.18149557099995, -8.977728070999952 ], [ -35.181741998999911, -8.97800881199991 ], [ -35.181936032999978, -8.978229863 ], [ -35.182080931999977, -8.978353447999915 ], [ -35.183986597999912, -8.979978794999926 ], [ -35.18524753199997, -8.980344073999952 ], [ -35.185498308999939, -8.980510454999951 ], [ -35.18601600199996, -8.980962524999965 ], [ -35.186121888999928, -8.98105133399994 ], [ -35.18620782299994, -8.981123406999952 ], [ -35.18658558100001, -8.981402526999954 ], [ -35.186814093999914, -8.981567809999952 ], [ -35.187253185, -8.98188540599994 ], [ -35.188622946999921, -8.982815431999974 ], [ -35.188802514999942, -8.983006038999935 ], [ -35.189014069999949, -8.983223876999929 ], [ -35.18950211, -8.983797795999987 ], [ -35.189860285999977, -8.984231376999979 ], [ -35.190237731999943, -8.984774715 ], [ -35.190800759, -8.985377958 ], [ -35.19105164399997, -8.98562734099993 ], [ -35.191640273, -8.986212444999936 ], [ -35.192160747999893, -8.98683701600001 ], [ -35.192362342999964, -8.987078928999953 ], [ -35.192447340999891, -8.987180800999944 ], [ -35.193032759999923, -8.987856282999967 ], [ -35.19337956499993, -8.988134205999959 ], [ -35.19395328099997, -8.988593969999986 ], [ -35.194541898999915, -8.989065676999935 ], [ -35.19547877199998, -8.989816467999972 ], [ -35.196508788999942, -8.990192480999909 ], [ -35.197779119999979, -8.990963752999953 ], [ -35.199412401999936, -8.992256767999912 ], [ -35.200873565999949, -8.993243467999928 ], [ -35.201903466, -8.993404929999965 ], [ -35.202777683999933, -8.993970599999962 ], [ -35.203559336999952, -8.994731683999962 ], [ -35.205246062999976, -8.996654962000022 ], [ -35.207764589, -8.999662068999964 ], [ -35.207934506999933, -8.999798237999951 ], [ -35.20833654499998, -9.000120422999963 ], [ -35.20860251499996, -9.000427653999981 ], [ -35.208926393999931, -9.000801776999939 ], [ -35.209415593999907, -9.001366868999977 ], [ -35.209744152, -9.001746396999938 ], [ -35.209962599999962, -9.001998732999944 ], [ -35.210231421999907, -9.002283437999964 ], [ -35.210544504999966, -9.002615019999954 ], [ -35.210782411999936, -9.002866984000018 ], [ -35.211099696999987, -9.003203014999933 ], [ -35.211407052999924, -9.003528530999954 ], [ -35.211683207999947, -9.003821002999906 ], [ -35.212169264999929, -9.004212154999941 ], [ -35.213021798999947, -9.004898226999952 ], [ -35.215811186999908, -9.007142971999965 ], [ -35.218318435999969, -9.010683358999888 ], [ -35.219754372999937, -9.012687823999915 ], [ -35.22037553099991, -9.013554914999894 ], [ -35.221396137999889, -9.0155989699999 ], [ -35.22242792, -9.017665405999916 ], [ -35.223540097999908, -9.019892859 ], [ -35.224978252999975, -9.026259529999919 ], [ -35.226251874999932, -9.028441208999954 ], [ -35.226451043999887, -9.029891495999959 ], [ -35.227974724000013, -9.032375578999968 ], [ -35.229580809999952, -9.035043157999972 ], [ -35.229899852999964, -9.036341797999953 ], [ -35.233177505, -9.039570599999941 ], [ -35.234376019999949, -9.042338849999926 ], [ -35.236928881999965, -9.04562535099998 ], [ -35.237789198, -9.046715202 ], [ -35.238814485999931, -9.049027992999964 ], [ -35.239246980999923, -9.051096549999965 ], [ -35.239491292999972, -9.054451143999882 ], [ -35.239325763999958, -9.05685495499991 ], [ -35.239208647999945, -9.058869805 ], [ -35.239249693999966, -9.059585189999947 ], [ -35.239273148999956, -9.060652403999963 ], [ -35.239207531999945, -9.061552702999936 ], [ -35.239402369, -9.062687254999929 ], [ -35.239389634, -9.063616902999932 ], [ -35.239797150999969, -9.064304587999988 ], [ -35.240570580999922, -9.064719747999966 ], [ -35.239887229999965, -9.065723673999987 ], [ -35.239090986999983, -9.067336171999912 ], [ -35.239073431999948, -9.068509303999988 ], [ -35.239349685999983, -9.068961412 ], [ -35.240549589999965, -9.069581561999978 ], [ -35.240971024999929, -9.070026994999974 ], [ -35.241843337999981, -9.071877426999958 ], [ -35.241985035999981, -9.072443391999979 ], [ -35.242745283, -9.074226450999983 ], [ -35.243937329999966, -9.076583634999974 ], [ -35.244154197999961, -9.076886649999899 ], [ -35.244932705999894, -9.077602398999979 ], [ -35.245220334999978, -9.079787075 ], [ -35.246926099999982, -9.080823869999982 ], [ -35.247786847999969, -9.08127181 ], [ -35.248919873999924, -9.081983244999986 ], [ -35.250131947999932, -9.082887908999965 ], [ -35.250975634999932, -9.083581675999902 ], [ -35.251137163999971, -9.083768445 ], [ -35.251217928999907, -9.083889590999977 ], [ -35.251344122999953, -9.083980450999945 ], [ -35.251434982999925, -9.084041024999983 ], [ -35.251520796, -9.084101598999933 ], [ -35.251606608, -9.084167218999944 ], [ -35.251657086, -9.08423788899993 ], [ -35.251717658999958, -9.084313605999977 ], [ -35.251803471999949, -9.084429703999904 ], [ -35.251833757999968, -9.084535707999969 ], [ -35.251848901999978, -9.084631616 ], [ -35.25190442699995, -9.084858766999965 ], [ -35.251954904999955, -9.08507077199992 ], [ -35.25206090899993, -9.085242396999909 ], [ -35.252217389999913, -9.08544935699998 ], [ -35.252338804000011, -9.085553740999913 ], [ -35.252503149999932, -9.0856373079999 ], [ -35.252606214999929, -9.085695803999943 ], [ -35.252712064999983, -9.085757085999951 ], [ -35.252767775999978, -9.085804439999961 ], [ -35.252820701, -9.085871291999986 ], [ -35.252884767999973, -9.085929788999941 ], [ -35.252938232999959, -9.085984890999971 ], [ -35.253018473999937, -9.086063494 ], [ -35.253135465999939, -9.086152630999905 ], [ -35.253227388999989, -9.086238982999944 ], [ -35.253338809999974, -9.086397757999936 ], [ -35.253464158999954, -9.086489680999904 ], [ -35.253589507999934, -9.086562104999945 ], [ -35.253703468999944, -9.086609461999956 ], [ -35.253776085, -9.08662622000001 ], [ -35.253870247999977, -9.086650956999925 ], [ -35.253979581999964, -9.086680457999968 ], [ -35.254136091999953, -9.086732627999933 ], [ -35.254279558999919, -9.086784797999897 ], [ -35.254390419999943, -9.08682718599994 ], [ -35.254517584999981, -9.086885876999911 ], [ -35.254693657999987, -9.086954350999982 ], [ -35.254938204999966, -9.087039126999979 ], [ -35.255071890999929, -9.08711738199997 ], [ -35.255231661, -9.087211939999978 ], [ -35.255342522999939, -9.08731628 ], [ -35.25543055899994, -9.087384752999977 ], [ -35.255505553999924, -9.087456486999962 ], [ -35.255613153999946, -9.087557565999889 ], [ -35.255702528999969, -9.087675836999903 ], [ -35.255731187999942, -9.087733155999938 ], [ -35.255796323999917, -9.087824345999934 ], [ -35.255947438999982, -9.088011937 ], [ -35.25604123399993, -9.088139602999906 ], [ -35.25613503, -9.088267268999989 ], [ -35.256291354999931, -9.088512179 ], [ -35.256447680999898, -9.088759694999965 ], [ -35.256562319999965, -9.088978550999954 ], [ -35.256624849999987, -9.089129665999934 ], [ -35.256757726999972, -9.089364153999973 ], [ -35.256822861999943, -9.089528295999965 ], [ -35.256903630999965, -9.08968983299992 ], [ -35.256942711999912, -9.089867001999924 ], [ -35.257013058999959, -9.090075435999939 ], [ -35.257075588999982, -9.090236971999982 ], [ -35.257119880999916, -9.090338583999952 ], [ -35.257226703999962, -9.090494909999919 ], [ -35.257257968999973, -9.090601731999966 ], [ -35.257294444999971, -9.090833614999966 ], [ -35.257329723999959, -9.091027998999975 ], [ -35.25735430899995, -9.091157626999951 ], [ -35.25737489699997, -9.091289978999978 ], [ -35.257395484999982, -9.091501741999913 ], [ -35.257410190999956, -9.0915988 ], [ -35.257420324, -9.091778540999901 ], [ -35.257428786999981, -9.091854712999986 ], [ -35.257438661, -9.091933706999949 ], [ -35.257449304, -9.091997333999887 ], [ -35.257493888999953, -9.092162298999945 ], [ -35.257525097999959, -9.092242550999924 ], [ -35.257560765999976, -9.092354014 ], [ -35.257591974999983, -9.092425348999949 ], [ -35.257609808999952, -9.09250560199993 ], [ -35.257654393999907, -9.092670565999988 ], [ -35.257685603999917, -9.092826612999932 ], [ -35.257743563999924, -9.092973743999938 ], [ -35.25778707299996, -9.093099716999969 ], [ -35.257824160000013, -9.09322256799992 ], [ -35.257851974999916, -9.093357007999941 ], [ -35.257872835999954, -9.093496083999989 ], [ -35.257884425999933, -9.093570258999911 ], [ -35.257900651999947, -9.093658339999916 ], [ -35.257907605999989, -9.0937139709999 ], [ -35.257919194999971, -9.093783508999969 ], [ -35.257940057, -9.093929538999884 ], [ -35.257977143999966, -9.094156696999939 ], [ -35.258009595, -9.094351403999973 ], [ -35.258023501999986, -9.09456233599993 ], [ -35.25803277399995, -9.094680550999939 ], [ -35.25803277399995, -9.094768632999944 ], [ -35.258042045999922, -9.09494247799994 ], [ -35.258042045999922, -9.095056056999924 ], [ -35.258049, -9.095158046999924 ], [ -35.258069861, -9.095271625999906 ], [ -35.258081450999981, -9.095399111999976 ], [ -35.258088404999938, -9.095508054999929 ], [ -35.258097676, -9.095596136999935 ], [ -35.258104629999949, -9.095649449999904 ], [ -35.258106947999963, -9.095716669999959 ], [ -35.258111584, -9.095767663999915 ], [ -35.258137080999965, -9.096096811999882 ], [ -35.258155625, -9.096254430999956 ], [ -35.258178803999954, -9.096430594999966 ], [ -35.258190393999939, -9.096655434999917 ], [ -35.258188075999925, -9.096880274999959 ], [ -35.258188075999925, -9.09696140299992 ], [ -35.2581877719999, -9.097040510999895 ], [ -35.258184168999954, -9.097508800999915 ], [ -35.25814094299993, -9.098020317999961 ], [ -35.258180566999926, -9.098344518999962 ], [ -35.258306644999962, -9.099043351999963 ], [ -35.258450734999897, -9.099580083999964 ], [ -35.25858761899994, -9.100145634999951 ], [ -35.258717299999923, -9.100523868999982 ], [ -35.258922626999947, -9.100999363999978 ], [ -35.259095533999961, -9.10132356499998 ], [ -35.259372905999989, -9.101878307999961 ], [ -35.259646675999903, -9.102361007999932 ], [ -35.259837593999983, -9.102613163999925 ], [ -35.260269861999952, -9.103384040999934 ], [ -35.26034911099994, -9.103650606999963 ], [ -35.260522017999946, -9.103927977999909 ], [ -35.260943478999913, -9.104349439999964 ], [ -35.261123148999943, -9.104552050999942 ], [ -35.261405591999953, -9.104892643999968 ], [ -35.261521891999983, -9.105121090999951 ], [ -35.261949709999946, -9.105577984 ], [ -35.262078673999959, -9.105765501999979 ], [ -35.262137014, -9.105850329999981 ], [ -35.262305646999906, -9.106060091999929 ], [ -35.26239202, -9.106175255999954 ], [ -35.262441375999948, -9.10625751600001 ], [ -35.262589361000025, -9.106475155999899 ], [ -35.262830267999973, -9.106803288999959 ], [ -35.262901970999955, -9.10703361500001 ], [ -35.263171758999903, -9.107513969999964 ], [ -35.263441546999921, -9.107816658999962 ], [ -35.263768975999923, -9.108186428999915 ], [ -35.264047265999949, -9.10848133299989 ], [ -35.264321401999979, -9.108767929999978 ], [ -35.264599662999913, -9.109152439999907 ], [ -35.264790756, -9.109403426999979 ], [ -35.265056583999971, -9.109764787999946 ], [ -35.265347334999959, -9.110126148999914 ], [ -35.265609009999935, -9.110450127999986 ], [ -35.265895606999933, -9.110732571 ], [ -35.266086671000025, -9.110973477999945 ], [ -35.266236199999959, -9.111102238999941 ], [ -35.266396057999955, -9.111297584999939 ], [ -35.266576792999984, -9.11150513599997 ], [ -35.266759549999925, -9.111775117999926 ], [ -35.267054077999951, -9.112185912999987 ], [ -35.267238323999919, -9.112528082999965 ], [ -35.267514691999963, -9.112975536999951 ], [ -35.267771319999966, -9.113311127 ], [ -35.268074008999967, -9.113738839999957 ], [ -35.268249010999966, -9.113979413999967 ], [ -35.268487626, -9.114985177999962 ], [ -35.268570607999933, -9.115241978999983 ], [ -35.268613585999937, -9.115528654999899 ], [ -35.26862674599996, -9.115851084999932 ], [ -35.268653066999917, -9.11615377399993 ], [ -35.268692547999898, -9.116594647999904 ], [ -35.268738609999978, -9.117338209999964 ], [ -35.268771510999947, -9.117950168999883 ], [ -35.268810991999928, -9.118377881999923 ], [ -35.268857053, -9.118739792999937 ], [ -35.268923562999916, -9.119243246999936 ], [ -35.268962335999923, -9.119516256999965 ], [ -35.269068937999954, -9.119725060999922 ], [ -35.269176930999919, -9.120260872999935 ], [ -35.269580029999965, -9.121975700999979 ], [ -35.269972182999901, -9.122603781999899 ], [ -35.270335808999967, -9.122853125999924 ], [ -35.271104618999985, -9.123123247999981 ], [ -35.271650530999949, -9.123381505999944 ], [ -35.27214306099993, -9.123613405999947 ], [ -35.272898274999889, -9.123884296999979 ], [ -35.273006656999975, -9.123914337999977 ], [ -35.273497271999894, -9.124113475999936 ], [ -35.274761893, -9.12462677899995 ], [ -35.27745953399991, -9.12511161699992 ], [ -35.279016624999954, -9.124955606999979 ], [ -35.279418466999985, -9.125038085999964 ], [ -35.279686884999897, -9.125359893999946 ], [ -35.279686884999897, -9.125587118999917 ], [ -35.279628120000012, -9.125841766999937 ], [ -35.27960069599996, -9.126045485999917 ], [ -35.279686884999897, -9.12624137 ], [ -35.280095819999893, -9.126237475999989 ], [ -35.280290673999943, -9.126481326 ], [ -35.280792692, -9.126480106 ], [ -35.281319994999933, -9.126668524999953 ], [ -35.281572179999927, -9.127059399999965 ], [ -35.281705137999914, -9.127633696999965 ], [ -35.282042337999926, -9.127968517999957 ], [ -35.282545502999902, -9.12877567199995 ], [ -35.283286491999924, -9.130475587 ], [ -35.284071067999918, -9.131783214999928 ], [ -35.284594118999941, -9.133984386999977 ], [ -35.285373306999929, -9.136442155999941 ], [ -35.28662488399992, -9.14004864 ], [ -35.286666733999922, -9.141387861999966 ], [ -35.286792286000015, -9.141884091999902 ], [ -35.286792286000015, -9.142314557 ], [ -35.286774350999941, -9.14306189099992 ], [ -35.286678691999931, -9.143773353 ], [ -35.286517268, -9.144221752999965 ], [ -35.286453243999929, -9.144660147 ], [ -35.286398814999956, -9.145086512000017 ], [ -35.286326241999987, -9.1454221619999 ], [ -35.28625366899994, -9.145712452999938 ], [ -35.286017806999965, -9.146066246 ], [ -35.285754730999955, -9.146456324999935 ], [ -35.285382795, -9.147045978999962 ], [ -35.28521043399995, -9.147381628999934 ], [ -35.285047144999943, -9.147862424000014 ], [ -35.285074359999975, -9.148189001999945 ], [ -35.2850380739999, -9.148461149999903 ], [ -35.284992714999966, -9.148687939999927 ], [ -35.284883855999929, -9.148987302999917 ], [ -35.284666137999949, -9.14951345699993 ], [ -35.284566349999949, -9.149803747999968 ], [ -35.284620779999926, -9.150193826999914 ], [ -35.284911070999961, -9.150710908999976 ], [ -35.285237648999981, -9.151137273999904 ], [ -35.285500725999988, -9.151763214999914 ], [ -35.285700300999984, -9.152234938999953 ], [ -35.285709371999936, -9.153450533999901 ], [ -35.28582730299992, -9.153722682999948 ], [ -35.286144809999904, -9.154012973999986 ], [ -35.286398814999956, -9.154212548999979 ], [ -35.286670962999914, -9.154330479999967 ], [ -35.286961253999955, -9.154457482999906 ], [ -35.287305974999967, -9.154657057999898 ], [ -35.287432978, -9.154956420999977 ], [ -35.287587194999965, -9.155337428999882 ], [ -35.287986345999947, -9.155645863 ], [ -35.288222208000015, -9.155836366999953 ], [ -35.288476212999981, -9.15626273299997 ], [ -35.288494355999973, -9.156534880999928 ], [ -35.288593761999934, -9.156810611999916 ], [ -35.288864958, -9.15692683799994 ], [ -35.289097411999954, -9.15706889299997 ], [ -35.289347086999918, -9.156970317999896 ], [ -35.290027225999971, -9.156668556999886 ], [ -35.290350077999946, -9.156216563999969 ], [ -35.290479218999977, -9.155842054999891 ], [ -35.290593804999951, -9.155800921999953 ], [ -35.291129797999893, -9.15601464 ], [ -35.293132546999963, -9.156380552999948 ], [ -35.294128132999987, -9.156333940999913 ], [ -35.294572341999981, -9.156038282999962 ], [ -35.294874975999974, -9.155665122999906 ], [ -35.295069829999932, -9.155717707999905 ], [ -35.295081811999943, -9.156600523999941 ], [ -35.294879462999987, -9.157382605999903 ], [ -35.29428976699996, -9.158429945999963 ], [ -35.294603058999947, -9.159205883999949 ], [ -35.294598793999945, -9.159722069999937 ], [ -35.294629062999967, -9.159933946999971 ], [ -35.294679508999963, -9.160327433999932 ], [ -35.295012458999977, -9.16230495499995 ], [ -35.295141163999972, -9.16429203199996 ], [ -35.29510349199996, -9.164849573999989 ], [ -35.295035682999945, -9.16527149699991 ], [ -35.295035682999945, -9.166085205999913 ], [ -35.294731111999972, -9.168162848999955 ], [ -35.294653611999955, -9.1687525749999 ], [ -35.294699723999948, -9.170072860999896 ], [ -35.294955559999977, -9.171064532999967 ], [ -35.295480287999965, -9.172475652999928 ], [ -35.295866956999895, -9.172908432999943 ], [ -35.296132080999982, -9.173760930999958 ], [ -35.297439440999973, -9.176181545999956 ], [ -35.298012255999936, -9.178708744999891 ], [ -35.298567261999942, -9.180568755999957 ], [ -35.299430324999939, -9.182462655999895 ], [ -35.299642194999976, -9.182672458999935 ], [ -35.300377935999919, -9.183579353999921 ], [ -35.300765617999936, -9.184494105999935 ], [ -35.301818505999918, -9.186397511999951 ], [ -35.303625735999972, -9.189023830999915 ], [ -35.304316233999906, -9.190553226999981 ], [ -35.305128272999944, -9.191522469999974 ], [ -35.305383221999904, -9.191961793999909 ], [ -35.306650617999964, -9.193387990999963 ], [ -35.308483862999942, -9.194528885999947 ], [ -35.308875543999932, -9.194866542999907 ], [ -35.31070443899992, -9.195903126999966 ], [ -35.311740142999987, -9.196143451999955 ], [ -35.312489866999933, -9.196084695999978 ], [ -35.31501045299995, -9.195895225999934 ], [ -35.316092405999939, -9.196275504999956 ], [ -35.316984078999909, -9.196748839999952 ], [ -35.317343526999892, -9.197059952999936 ], [ -35.318645481999972, -9.197752178000012 ], [ -35.319401598999917, -9.198425237000013 ], [ -35.320061326999969, -9.199529132999956 ], [ -35.320564109, -9.200660527999954 ], [ -35.320650222000019, -9.201121642 ], [ -35.322319126, -9.20442888299991 ], [ -35.322981630999919, -9.205315276999977 ], [ -35.323346356999899, -9.205631944999976 ], [ -35.323821083000013, -9.206488060999934 ], [ -35.32409553, -9.2074914 ], [ -35.324287755999897, -9.209419745999941 ], [ -35.324451947999897, -9.210177074999898 ], [ -35.324548014999941, -9.210457170999982 ], [ -35.324762361999909, -9.210872179999946 ], [ -35.326322732999962, -9.212655665999897 ], [ -35.326877112, -9.213362498999938 ], [ -35.327320614999927, -9.214041612999907 ], [ -35.327861133999889, -9.215288965999907 ], [ -35.32829403599991, -9.218146524999909 ], [ -35.328437332999954, -9.218694867999982 ], [ -35.32868426, -9.219197553999919 ], [ -35.328739875999943, -9.219665845999941 ], [ -35.329101801999954, -9.220734415999981 ], [ -35.329877015999969, -9.222028196999915 ], [ -35.331485991999962, -9.224293392999932 ], [ -35.332657888999933, -9.225548268999933 ], [ -35.333437102999923, -9.226165890999965 ], [ -35.334067439999941, -9.226906970999909 ], [ -35.336027336999926, -9.228618157 ], [ -35.336984614, -9.22922909799993 ], [ -35.339294175999953, -9.230856727999953 ], [ -35.341959421999938, -9.2307484 ], [ -35.342334889, -9.231049213999892 ], [ -35.342518218999899, -9.231196821999937 ], [ -35.342628188999939, -9.231503460999907 ], [ -35.342001234999934, -9.231804692999962 ], [ -35.341571390999988, -9.232184502999946 ], [ -35.341455339999975, -9.232625420000012 ], [ -35.341593136999919, -9.233316817999931 ], [ -35.341656451999917, -9.233634500999926 ], [ -35.341458529999976, -9.23408944599991 ], [ -35.341625588999939, -9.234535739999977 ], [ -35.341985047000016, -9.234812534999964 ], [ -35.343195662, -9.238200280999958 ], [ -35.344697444999909, -9.240625667999907 ], [ -35.347334435999961, -9.244059050999947 ], [ -35.348400723999902, -9.245612693999888 ], [ -35.349912226999905, -9.248442015999952 ], [ -35.350214158999933, -9.249007189999908 ], [ -35.351261417999986, -9.250341333999895 ], [ -35.351928101999903, -9.251501751999985 ], [ -35.352819661999952, -9.252716331999938 ], [ -35.353474549999959, -9.254427001999904 ], [ -35.354090105999909, -9.255438603999938 ], [ -35.354816979999917, -9.256203394999979 ], [ -35.355583956999965, -9.257086310999934 ], [ -35.358847487999981, -9.260913771999984 ], [ -35.358984128999921, -9.261034513999938 ], [ -35.360062943999921, -9.261987813999944 ], [ -35.362570014999967, -9.26456058199992 ], [ -35.36281925, -9.265036836999979 ], [ -35.363211371, -9.265349747999934 ], [ -35.363597249999962, -9.265893879999926 ], [ -35.364600863999954, -9.26694198699996 ], [ -35.365409627, -9.268270514999926 ], [ -35.366268026999961, -9.269290792999879 ], [ -35.367463388999923, -9.270449125999974 ], [ -35.367766769999982, -9.270885044999982 ], [ -35.368818387999951, -9.271487987999954 ], [ -35.370099145999959, -9.272567941999959 ], [ -35.37148928099996, -9.274315234999936 ], [ -35.373352700999952, -9.277192062999934 ], [ -35.374027639999902, -9.277850949999916 ], [ -35.374211898999903, -9.278030827999967 ], [ -35.37473598099993, -9.278280588999937 ], [ -35.375071239999947, -9.278650110999958 ], [ -35.376790860999947, -9.279871519999944 ], [ -35.377988196999979, -9.280560067999982 ], [ -35.378656206999921, -9.280928007999961 ], [ -35.382295905999975, -9.282538109999955 ], [ -35.384934215999955, -9.2847778 ], [ -35.385597918999984, -9.2854915889999 ], [ -35.386796922999977, -9.286249985999945 ], [ -35.387602146, -9.287509671999899 ], [ -35.387845182999939, -9.289716815 ], [ -35.387989703, -9.290257689999986 ], [ -35.388756160999904, -9.290975738999979 ], [ -35.389661839999967, -9.29161461 ], [ -35.391709234, -9.292576086999965 ], [ -35.392357590999907, -9.292949842999981 ], [ -35.392575157999964, -9.293075262999967 ], [ -35.393653655999941, -9.294187575999985 ], [ -35.393902321, -9.294640661 ], [ -35.394155269999963, -9.295848928999956 ], [ -35.394277718999973, -9.297160056999903 ], [ -35.394882753999937, -9.299346511999978 ], [ -35.394935087999919, -9.300089446999987 ], [ -35.39512558699996, -9.300605943999912 ], [ -35.396564840999936, -9.303004265999931 ], [ -35.39717289799998, -9.303585392999963 ], [ -35.398184071999978, -9.30399541199996 ], [ -35.398859260999977, -9.304399090999965 ], [ -35.400631147999945, -9.305099097999975 ], [ -35.401126162999958, -9.305397422999969 ], [ -35.40216376199993, -9.305724391999931 ], [ -35.402764654999899, -9.305993632 ], [ -35.403267838999966, -9.306219091999917 ], [ -35.405253075999916, -9.306751489 ], [ -35.407070880999953, -9.307428822999913 ], [ -35.408210217999986, -9.308012233999957 ], [ -35.408636305999977, -9.30836614199993 ], [ -35.409265176999966, -9.308888481999894 ], [ -35.409693859999905, -9.309210298999965 ], [ -35.410068656999918, -9.309557334 ], [ -35.410540622999982, -9.309946011999909 ], [ -35.411984286999967, -9.311431318999968 ], [ -35.412733880999909, -9.31266676199996 ], [ -35.413344660999904, -9.31338859399991 ], [ -35.41481079899998, -9.314367870999934 ], [ -35.41630204699991, -9.315368210999925 ], [ -35.417552472999986, -9.315590508999932 ], [ -35.419293806, -9.315414522999937 ], [ -35.419895862999986, -9.314738366999947 ], [ -35.420173734999977, -9.314497544999917 ], [ -35.420396032999982, -9.314340083999944 ], [ -35.420649559, -9.314239384999961 ], [ -35.42148639499996, -9.315604236999913 ], [ -35.42129747699996, -9.315991776 ], [ -35.420968869999953, -9.316150247999882 ], [ -35.419380496999977, -9.316593169999937 ], [ -35.41857304699996, -9.317190212999954 ], [ -35.41777721299993, -9.31802459099989 ], [ -35.416735113999948, -9.318795076999958 ], [ -35.415764935999974, -9.318851081999973 ], [ -35.414844024999972, -9.318356796999932 ], [ -35.414349209999976, -9.318271099999947 ], [ -35.414243163, -9.319225797999891 ], [ -35.414290280999985, -9.319663779999892 ], [ -35.414491134999906, -9.320173968999917 ], [ -35.414850961999925, -9.320577547999914 ], [ -35.415716858999893, -9.321127656999955 ], [ -35.416540955999956, -9.321342499999968 ], [ -35.420002145, -9.321389541999954 ], [ -35.423170508999952, -9.321257564999957 ], [ -35.424513389999952, -9.321353508 ], [ -35.428486575999976, -9.322255051999978 ], [ -35.431505471, -9.3233554779999 ], [ -35.434100137999927, -9.324629452999972 ], [ -35.435650386999946, -9.325883458999989 ], [ -35.43629622199991, -9.326274578000023 ], [ -35.437555492999927, -9.327432356999982 ], [ -35.438407466999891, -9.328387379999953 ], [ -35.438959666999928, -9.329256918999956 ], [ -35.439660352, -9.332126352999964 ], [ -35.439652676999984, -9.333098982999971 ], [ -35.439907203, -9.334094108999974 ], [ -35.439909642999929, -9.335048299999965 ], [ -35.440242498999936, -9.335961214999916 ], [ -35.440154010999983, -9.337410313999911 ], [ -35.440435251999894, -9.337934047 ], [ -35.440738669999952, -9.339051304999973 ], [ -35.44165859499995, -9.338915332999914 ], [ -35.442074593, -9.339109083999958 ], [ -35.44293489099995, -9.339728763999982 ], [ -35.443336345999953, -9.33987185099992 ], [ -35.444431010999928, -9.340206965999936 ], [ -35.445905184999951, -9.340237165999948 ], [ -35.446469319, -9.340489084999922 ], [ -35.447419527999926, -9.341214853999929 ], [ -35.448483503999945, -9.341727558999896 ], [ -35.449237144999948, -9.341814952999933 ], [ -35.450545102999989, -9.34173441499993 ], [ -35.454492042999981, -9.342053652999965 ], [ -35.455881378999912, -9.342318152 ], [ -35.456347308, -9.34233268599996 ], [ -35.457263334999951, -9.342567643999949 ], [ -35.458274222999925, -9.343034658999954 ], [ -35.45879698600001, -9.343393034999941 ], [ -35.459325236999931, -9.343584618999984 ], [ -35.460263915999974, -9.34413847499998 ], [ -35.461095555999947, -9.344832554999943 ], [ -35.462287666999906, -9.346435003999925 ], [ -35.463763641, -9.347731213999971 ], [ -35.46426727899992, -9.34850547 ], [ -35.465565255999934, -9.350191848999906 ], [ -35.466059077999937, -9.350923437999953 ], [ -35.466150525999957, -9.351234362999922 ], [ -35.467321067999904, -9.352935306999971 ], [ -35.469607282999974, -9.355623894999937 ], [ -35.470046235999966, -9.355861660999983 ], [ -35.472418601999969, -9.358026957999904 ], [ -35.474078196999976, -9.359541696999912 ], [ -35.475149065999936, -9.360854752999931 ], [ -35.475459992, -9.361165677999988 ], [ -35.476063551999928, -9.36197042599996 ], [ -35.476791580999951, -9.362759896999911 ], [ -35.477880749999919, -9.363730102999984 ], [ -35.478455177999926, -9.364303025999959 ], [ -35.479304186000014, -9.365117614999948 ], [ -35.481459017999953, -9.367182994999951 ], [ -35.483233120999927, -9.369213152999972 ], [ -35.484270917999908, -9.370668208999927 ], [ -35.485027204999959, -9.371730613 ], [ -35.486272655999983, -9.373604111999928 ], [ -35.487147119999946, -9.374919543999965 ], [ -35.487648787999973, -9.375819202999974 ], [ -35.488150456999918, -9.376718861999985 ], [ -35.489153793999975, -9.378518179999912 ], [ -35.489890577000011, -9.379839478 ], [ -35.490076268999921, -9.380191314999969 ], [ -35.490599962, -9.381183576999913 ], [ -35.490933090999938, -9.381814767 ], [ -35.491975604999951, -9.383790055999924 ], [ -35.49245702, -9.384781542999981 ], [ -35.492938434999949, -9.385773028999949 ], [ -35.493511940999973, -9.386954176999978 ], [ -35.493919285999922, -9.387989314 ], [ -35.49428925399998, -9.388929466 ], [ -35.495066565999906, -9.390904755999914 ], [ -35.495450650999977, -9.392239904999894 ], [ -35.49583473499996, -9.393940847999943 ], [ -35.496054210999908, -9.396684305999919 ], [ -35.496083838999965, -9.398521209999938 ], [ -35.49609079, -9.398952229999985 ], [ -35.495745378999935, -9.400950327999929 ], [ -35.495228216999955, -9.402536291999969 ], [ -35.495021351999981, -9.403949868999955 ], [ -35.495193738999944, -9.404984193999917 ], [ -35.495595833, -9.406425472999974 ], [ -35.496020787999988, -9.40845781 ], [ -35.496492785999969, -9.410244141999918 ], [ -35.496964782999939, -9.412030473999927 ], [ -35.497216418999969, -9.413118445999974 ], [ -35.497818353999946, -9.415720972999924 ], [ -35.497902981000024, -9.41731355799989 ], [ -35.49762488699993, -9.418737281999917 ], [ -35.49765416299995, -9.419712087999926 ], [ -35.498100475999934, -9.420035008999911 ], [ -35.498475217999939, -9.41970401999988 ], [ -35.498828010999908, -9.41879481499997 ], [ -35.499327449999932, -9.418547209999911 ], [ -35.499889627999906, -9.418342781999961 ], [ -35.500451804999969, -9.418138353999922 ], [ -35.50098791100001, -9.417943405999956 ], [ -35.501861269999971, -9.417975752999968 ], [ -35.502710057999948, -9.418503449999932 ], [ -35.502813713, -9.418843869999943 ], [ -35.502965171, -9.419341281999976 ], [ -35.502144354999949, -9.420147936000017 ], [ -35.501762834, -9.420529455999965 ], [ -35.501552339999904, -9.421029379999901 ], [ -35.500802454999949, -9.421397743999954 ], [ -35.501552339999904, -9.42225287699992 ], [ -35.502604810999941, -9.423213255999979 ], [ -35.503341539999973, -9.423831582999981 ], [ -35.504999180999988, -9.425752340999921 ], [ -35.505393857999962, -9.426475914999926 ], [ -35.506829182999972, -9.428704837999963 ], [ -35.507545384, -9.429856986999901 ], [ -35.508248684, -9.430988382999899 ], [ -35.509366933999978, -9.432054008999962 ], [ -35.510327313999952, -9.433211726999918 ], [ -35.511050886999953, -9.434461534999944 ], [ -35.511037730999931, -9.434803588 ], [ -35.510710367999934, -9.435256679999901 ], [ -35.510594384999933, -9.435286458999897 ], [ -35.510503478999958, -9.435295862999965 ], [ -35.510404735999963, -9.435217495999964 ], [ -35.510348311, -9.435181446999913 ], [ -35.510271510999949, -9.435168907999941 ], [ -35.510226057999922, -9.435241005999956 ], [ -35.510227624999963, -9.435361692 ], [ -35.510345175999916, -9.435502752999943 ], [ -35.51080092499997, -9.435921837999977 ], [ -35.511261380999962, -9.436776970999944 ], [ -35.511485030999907, -9.437540011999928 ], [ -35.512221759999932, -9.438816131999911 ], [ -35.51296834799998, -9.439863231999951 ], [ -35.513426207999935, -9.440300194999956 ], [ -35.513874114999957, -9.440561228999972 ], [ -35.515380307999969, -9.440713266999939 ], [ -35.517962239, -9.440390184999943 ], [ -35.519076007999956, -9.440399386 ], [ -35.520123885999972, -9.440512109999904 ], [ -35.521512696999949, -9.441106224999945 ], [ -35.522542609, -9.44210710099998 ], [ -35.523052310999972, -9.442372093999968 ], [ -35.523988315999972, -9.442678227999984 ], [ -35.524483380999989, -9.442055499999974 ], [ -35.524504446999956, -9.44193963699998 ], [ -35.525686596999975, -9.443960667999956 ], [ -35.526748206999976, -9.445494704999962 ], [ -35.527248290999964, -9.446099520999912 ], [ -35.528324451999922, -9.447039001999929 ], [ -35.528546975999944, -9.447517938999944 ], [ -35.529209452999957, -9.449625621999896 ], [ -35.529319767999944, -9.45041943299994 ], [ -35.529263617, -9.451023992999957 ], [ -35.528915505999983, -9.452061064999967 ], [ -35.528657817999978, -9.452910704000013 ], [ -35.52855880599995, -9.453753906999967 ], [ -35.528932497999961, -9.454632243999988 ], [ -35.529357978999904, -9.455394899999941 ], [ -35.530709938999941, -9.457367438999903 ], [ -35.531213404999946, -9.457497761999939 ], [ -35.531912828, -9.457464730999959 ], [ -35.533859410999938, -9.456875568999973 ], [ -35.534353833999901, -9.457103651999926 ], [ -35.535935336999927, -9.458106425999942 ], [ -35.536570575, -9.458642154999946 ], [ -35.539764868999981, -9.461336070999909 ], [ -35.540506300999944, -9.462245454999923 ], [ -35.541318600999922, -9.463476028999956 ], [ -35.543028067999963, -9.465737132 ], [ -35.543933807999942, -9.466429193999964 ], [ -35.546110086999889, -9.46854896699994 ], [ -35.546673586999972, -9.469097835999968 ], [ -35.548156085999977, -9.470407664999897 ], [ -35.550041132999979, -9.471760082999975 ], [ -35.550679739999971, -9.471904094999989 ], [ -35.551909418999934, -9.473151145999964 ], [ -35.552491161999924, -9.474051909999975 ], [ -35.553185501, -9.475065269999977 ], [ -35.55389860599994, -9.475703310999922 ], [ -35.555306049999949, -9.477298413999918 ], [ -35.555550006999979, -9.477936454999952 ], [ -35.555718899999917, -9.479175004999934 ], [ -35.555751211999926, -9.479838097 ], [ -35.556412660999939, -9.482153169999968 ], [ -35.555786223999981, -9.483073147999971 ], [ -35.555566890999948, -9.483757467000014 ], [ -35.556154703999916, -9.484792719999962 ], [ -35.556970624, -9.485661279999885 ], [ -35.557446412999944, -9.486064072 ], [ -35.558027591999981, -9.486653306999898 ], [ -35.55852700699991, -9.48745127299993 ], [ -35.558599175000019, -9.488009804999958 ], [ -35.558937833999977, -9.488993585999911 ], [ -35.55934148799998, -9.489520509999988 ], [ -35.559403949999904, -9.489602046999984 ], [ -35.560989289999981, -9.490783678999964 ], [ -35.562124792999967, -9.491359391999904 ], [ -35.563126466999975, -9.492062813999929 ], [ -35.564659874999933, -9.49286444699991 ], [ -35.565158357999962, -9.493250511999969 ], [ -35.565626956999928, -9.493352442999964 ], [ -35.565985105999978, -9.493637543000016 ], [ -35.567546695999958, -9.494276016 ], [ -35.567838622999957, -9.494528299 ], [ -35.567938373999944, -9.494614503999937 ], [ -35.569847551999906, -9.495201489999921 ], [ -35.571127811999965, -9.496128318999958 ], [ -35.572346186999965, -9.497679387999952 ], [ -35.573184177999934, -9.49852285699993 ], [ -35.57415935299997, -9.498864791999978 ], [ -35.574960363999899, -9.499387569999978 ], [ -35.575879111999981, -9.499743909999975 ], [ -35.577154981999939, -9.500437023999947 ], [ -35.579322987999909, -9.501967739999944 ], [ -35.579432789999935, -9.502455836999918 ], [ -35.579377641999905, -9.503452711999977 ], [ -35.580046295999985, -9.504719464999894 ], [ -35.580183377999958, -9.505208935999981 ], [ -35.580991825999966, -9.506421532999948 ], [ -35.581988878999951, -9.507522099999971 ], [ -35.584762447999935, -9.509135887999914 ], [ -35.586848614999973, -9.510678983999959 ], [ -35.587464028999911, -9.511407948999967 ], [ -35.588687144999945, -9.514521031999973 ], [ -35.589461067999942, -9.515879341999916 ], [ -35.590096832999969, -9.517228996999943 ], [ -35.590102026999951, -9.518634015999933 ], [ -35.5907980819999, -9.52055810099997 ], [ -35.590986626999957, -9.521600037999939 ], [ -35.59104745099993, -9.522807059999888 ], [ -35.590994343999974, -9.523879373999971 ], [ -35.590817368999986, -9.527452775999961 ], [ -35.591241442999902, -9.529016770999959 ], [ -35.591772149999898, -9.529973377999973 ], [ -35.592099580999943, -9.530319068999976 ], [ -35.592725813999976, -9.530452490999913 ], [ -35.593153376, -9.530543586 ], [ -35.594125523999971, -9.530299464999953 ], [ -35.595154765999951, -9.530358131999922 ], [ -35.596515153999981, -9.529971501 ], [ -35.597654916999957, -9.529813360999967 ], [ -35.598782053999962, -9.529805000999897 ], [ -35.600492699000014, -9.529792311999913 ], [ -35.60207109199996, -9.530096625999956 ], [ -35.603656733999969, -9.530632286999957 ], [ -35.60410342, -9.530965884999937 ], [ -35.605240608000017, -9.531496238999942 ], [ -35.606462619999959, -9.53266866099996 ], [ -35.606781443999964, -9.532842998 ], [ -35.607347899999937, -9.533152742999956 ], [ -35.608102077999988, -9.53386294800001 ], [ -35.608598488000027, -9.534138723999913 ], [ -35.608958165999944, -9.534544667999928 ], [ -35.60982678099996, -9.535164963999915 ], [ -35.610822732999942, -9.536120918999963 ], [ -35.611186700999944, -9.536630514999938 ], [ -35.61165872899992, -9.537017120999952 ], [ -35.612958539, -9.538546899999961 ], [ -35.613405319000016, -9.53938906299992 ], [ -35.614105874999986, -9.540079367999926 ], [ -35.614291257999959, -9.540519658999941 ], [ -35.614601357999945, -9.543629596999953 ], [ -35.614876344999963, -9.544625177999905 ], [ -35.615850951999953, -9.54645930099996 ], [ -35.616099112999969, -9.547428545999953 ], [ -35.616514468999966, -9.548294157999987 ], [ -35.618631592999989, -9.548770503999965 ], [ -35.619102242999936, -9.549001063999945 ], [ -35.619466683999981, -9.549089755999912 ], [ -35.620263242999989, -9.549283611999964 ], [ -35.620880518999989, -9.549355812999988 ], [ -35.623626413, -9.549676995999917 ], [ -35.624954335, -9.550297834999949 ], [ -35.625074754999922, -9.550354134999989 ], [ -35.62726633299998, -9.551791033999951 ], [ -35.628157787999932, -9.552164319999928 ], [ -35.629604118999964, -9.552400890999962 ], [ -35.629984216999972, -9.552109698999939 ], [ -35.63043794099994, -9.552004092999907 ], [ -35.630766960999985, -9.552321490999965 ], [ -35.631241114999959, -9.553147021999971 ], [ -35.633358772999941, -9.553894071999963 ], [ -35.633942055999974, -9.554215651999925 ], [ -35.634521660999965, -9.55437326199991 ], [ -35.635463023999961, -9.554998194999925 ], [ -35.637485217999945, -9.556677489999959 ], [ -35.638242312999971, -9.557500052999984 ], [ -35.639826774999975, -9.558700463 ], [ -35.64087689, -9.559831749999908 ], [ -35.641599087999978, -9.560461198999942 ], [ -35.641876335999918, -9.560889805999967 ], [ -35.643598873999977, -9.562725651999898 ], [ -35.644369601999976, -9.564157561999892 ], [ -35.644683560000018, -9.564549233999969 ], [ -35.64490724599996, -9.56499316599993 ], [ -35.644975015999975, -9.565127661999956 ], [ -35.645040030999937, -9.565256691999974 ], [ -35.645792876999963, -9.566750803999962 ], [ -35.646379087999975, -9.567529475999908 ], [ -35.646736305999951, -9.567831953999889 ], [ -35.647745567999976, -9.568219858999921 ], [ -35.649155423, -9.5679641269999 ], [ -35.649964008999937, -9.567529827999937 ], [ -35.650268203999886, -9.567933089999908 ], [ -35.650434497999967, -9.569407897999987 ], [ -35.651124673999959, -9.570778918999917 ], [ -35.652959692, -9.572724882999989 ], [ -35.653655277, -9.574655716999963 ], [ -35.653663498999968, -9.574668611999964 ], [ -35.653990943999887, -9.575182141 ], [ -35.654542354999947, -9.576571213 ], [ -35.655932447999945, -9.5783318899999 ], [ -35.656379789999917, -9.579311398999973 ], [ -35.657016677999948, -9.57999871899991 ], [ -35.657514795999951, -9.580868717999952 ], [ -35.658435628999932, -9.582044534999984 ], [ -35.658907813000013, -9.582412330999951 ], [ -35.659034237, -9.582612464 ], [ -35.659239759999942, -9.582937813999909 ], [ -35.659712794, -9.583686640999961 ], [ -35.661408873999918, -9.585522315999967 ], [ -35.661932159999957, -9.586333263 ], [ -35.662295266999891, -9.586628323999907 ], [ -35.662576911000016, -9.587125334999907 ], [ -35.663319548999908, -9.587731808999905 ], [ -35.663963075999952, -9.587971177999989 ], [ -35.663990186999975, -9.587994230999946 ], [ -35.664685224999928, -9.588585244999908 ], [ -35.665132646999915, -9.589887637999933 ], [ -35.665486979, -9.590919060999919 ], [ -35.66582466599997, -9.591244750999955 ], [ -35.668270856999953, -9.592206164999922 ], [ -35.668709951999965, -9.592512832999983 ], [ -35.669547979999933, -9.593192258999977 ], [ -35.670298369999934, -9.594119032 ], [ -35.671463, -9.59530726 ], [ -35.673101056999926, -9.596381425999972 ], [ -35.674187589999946, -9.597514003999979 ], [ -35.675072353999965, -9.598206163999961 ], [ -35.675876017999933, -9.598978734999935 ], [ -35.676459771999916, -9.599801433999971 ], [ -35.677464445999917, -9.601586070999929 ], [ -35.677848438999973, -9.60267230099992 ], [ -35.678181032999966, -9.603613133999962 ], [ -35.678874420999954, -9.604941487999913 ], [ -35.68029761799994, -9.606910261999918 ], [ -35.681382133999968, -9.608095418999923 ], [ -35.681764302999966, -9.608425122999936 ], [ -35.682243618000015, -9.608664883999968 ], [ -35.68320070599998, -9.609515943999952 ], [ -35.683825788, -9.610071777999934 ], [ -35.684184455000022, -9.610512395999887 ], [ -35.684487798999982, -9.611105161 ], [ -35.684572725999899, -9.611271116999959 ], [ -35.684628812000014, -9.611380714999967 ], [ -35.684747982999923, -9.611515832999956 ], [ -35.684833555999901, -9.611612857 ], [ -35.685298206999974, -9.61213968299997 ], [ -35.685905887999986, -9.613024018999955 ], [ -35.686535785999965, -9.613712773999922 ], [ -35.686740103, -9.613936180999932 ], [ -35.686877275999976, -9.614178348999896 ], [ -35.686968962999927, -9.614340215999967 ], [ -35.687048396999927, -9.614480450999935 ], [ -35.687143920000011, -9.614649088999943 ], [ -35.688459726, -9.616972038999943 ], [ -35.688827966, -9.617404536999935 ], [ -35.689374255, -9.618359093999956 ], [ -35.689768402, -9.618867062999886 ], [ -35.690596369999945, -9.620874928000017 ], [ -35.691569683999916, -9.622025263999983 ], [ -35.69250912499993, -9.623772672999969 ], [ -35.692514658999947, -9.623782966999933 ], [ -35.692651662999914, -9.624271920999977 ], [ -35.693323013999951, -9.625634671999933 ], [ -35.694935231999942, -9.629794930999896 ], [ -35.695459032999935, -9.63072685399991 ], [ -35.695909181999966, -9.631801651999933 ], [ -35.696067073999977, -9.632361077999946 ], [ -35.696183494999929, -9.63277356999988 ], [ -35.696957860999959, -9.634606530999928 ], [ -35.697067900000015, -9.634866996999985 ], [ -35.697207212999984, -9.635196756 ], [ -35.697352247, -9.636687307999964 ], [ -35.697358597, -9.637213201999955 ], [ -35.697376615999971, -9.638705545999887 ], [ -35.697547562999901, -9.639803221999937 ], [ -35.697561386999979, -9.639891985 ], [ -35.697712072999927, -9.642180497999989 ], [ -35.697834841999956, -9.642745537999936 ], [ -35.698271135, -9.644753567 ], [ -35.698570681, -9.645530053999934 ], [ -35.699210980999958, -9.647189848999954 ], [ -35.699410520999947, -9.648208901999983 ], [ -35.699353770999956, -9.64956940299993 ], [ -35.698934445999988, -9.650559699999977 ], [ -35.698374445999939, -9.651299021999954 ], [ -35.698351316999968, -9.651329556999904 ], [ -35.698180827999984, -9.651768477999983 ], [ -35.698134469999971, -9.653362023999939 ], [ -35.698131179999962, -9.653475132999972 ], [ -35.697769822999909, -9.655829340999983 ], [ -35.697647065999966, -9.656629092999896 ], [ -35.697510389999934, -9.657519522999941 ], [ -35.697302021000013, -9.658877028999907 ], [ -35.697213222999949, -9.659455539999989 ], [ -35.696802979000033, -9.660022817999943 ], [ -35.696565887999945, -9.660350662999978 ], [ -35.696535853999947, -9.66039219299995 ], [ -35.695260721999958, -9.661820236999979 ], [ -35.695013968999973, -9.662202672 ], [ -35.69488670199992, -9.662556278999951 ], [ -35.694658573999966, -9.663190127999904 ], [ -35.694655042999941, -9.663343497999982 ], [ -35.694641710999989, -9.663922664999941 ], [ -35.694632380999927, -9.664327944999989 ], [ -35.694825806999944, -9.664785310999907 ], [ -35.694937517999954, -9.664867935 ], [ -35.695237644, -9.665089914999974 ], [ -35.695685814999962, -9.665234244000015 ], [ -35.696097755999936, -9.665047318999914 ], [ -35.696715855, -9.66512265599993 ], [ -35.697751102999959, -9.665118780999965 ], [ -35.698457229999939, -9.665116138000013 ], [ -35.699173917999907, -9.664937606999985 ], [ -35.69952139699997, -9.664851047999928 ], [ -35.70065455799994, -9.664657577 ], [ -35.701239198999907, -9.664645836 ], [ -35.702550472999953, -9.664383777 ], [ -35.703120661999968, -9.664381509999981 ], [ -35.704931652999974, -9.66437431 ], [ -35.706419405999974, -9.664508088999975 ], [ -35.706910907999962, -9.664552284999989 ], [ -35.707994110999969, -9.664926291999937 ], [ -35.708013935999922, -9.664937640999899 ], [ -35.708904838999914, -9.665447648999908 ], [ -35.709628830999954, -9.666044918999944 ], [ -35.709782108999939, -9.66642093599997 ], [ -35.710525797999921, -9.667204626999887 ], [ -35.711299400999977, -9.667828567999909 ], [ -35.712384275999945, -9.66912674799994 ], [ -35.713436805999905, -9.670386221999966 ], [ -35.71412614799992, -9.671619952 ], [ -35.714559855999923, -9.672166013999966 ], [ -35.714739957999903, -9.672392771999988 ], [ -35.715458663999947, -9.673084673999949 ], [ -35.716438587999939, -9.674629054000011 ], [ -35.717404288999901, -9.676151017999906 ], [ -35.718766068999955, -9.677581910999905 ], [ -35.722324529999952, -9.683773824999927 ], [ -35.722982149999922, -9.68418901 ], [ -35.723210570999989, -9.684333221999935 ], [ -35.723382222, -9.684441592999931 ], [ -35.724062487999959, -9.684646031999971 ], [ -35.725494195999936, -9.684116310000018 ], [ -35.725791417000011, -9.68400634099989 ], [ -35.728649559999972, -9.682948847999967 ], [ -35.728868337999955, -9.682867900999931 ], [ -35.729181528999938, -9.682752022999937 ], [ -35.72932253799997, -9.68269985099997 ], [ -35.729042148999952, -9.682149152999969 ], [ -35.728518256999948, -9.682363207 ], [ -35.728180225999957, -9.681717299999942 ], [ -35.724377251999975, -9.683162167999942 ], [ -35.723320069, -9.682142544999957 ], [ -35.722630213999935, -9.680934579999899 ], [ -35.724822091999926, -9.679595986999928 ], [ -35.722794997999976, -9.676174374999974 ], [ -35.722989158999965, -9.675869836999912 ], [ -35.723670139, -9.674801729999899 ], [ -35.723689376, -9.6747879 ], [ -35.724598008999948, -9.674134658999961 ], [ -35.724851376999951, -9.673731794999934 ], [ -35.725244294999953, -9.673346355000017 ], [ -35.725628002999905, -9.673083663999954 ], [ -35.726098195, -9.672761765999965 ], [ -35.727942518999917, -9.672007090999962 ], [ -35.728005842999913, -9.6719811799999 ], [ -35.728796975999913, -9.671657457999988 ], [ -35.729809624999945, -9.671350847999932 ], [ -35.730895170999972, -9.671021372999938 ], [ -35.730973613999979, -9.670997564999922 ], [ -35.731469530999973, -9.670950578999944 ], [ -35.733215599999937, -9.670785146999933 ], [ -35.734044993999909, -9.670982422999913 ], [ -35.735687646999935, -9.670979397999929 ], [ -35.737076990999952, -9.671100673999927 ], [ -35.73751946299997, -9.671020449999951 ], [ -35.738825407999933, -9.671328114999916 ], [ -35.73932258199995, -9.671559445999961 ], [ -35.74138126699993, -9.671966481999977 ], [ -35.741840175999975, -9.672124892999939 ], [ -35.742904089999989, -9.67249214399995 ], [ -35.743792419999949, -9.672908899999971 ], [ -35.744938465999915, -9.673261354 ], [ -35.744967625999926, -9.673270321999944 ], [ -35.746302260999954, -9.673941619999976 ], [ -35.746432148999958, -9.674006950999964 ], [ -35.747188281999989, -9.674192749999973 ], [ -35.747695291999939, -9.674495423999968 ], [ -35.747709303999933, -9.674503788999949 ], [ -35.748818534999963, -9.674938188999921 ], [ -35.751660792999942, -9.676051283999914 ], [ -35.752658220999962, -9.676573639999969 ], [ -35.753103524999943, -9.676933469999899 ], [ -35.753163147, -9.676964683999906 ], [ -35.75510638399993, -9.677982049999972 ], [ -35.755566413999887, -9.678143367999908 ], [ -35.755583532999971, -9.678155727999954 ], [ -35.757261123999953, -9.679366990999899 ], [ -35.757792028, -9.679991576999974 ], [ -35.757967580999967, -9.680198107999921 ], [ -35.759035520999952, -9.680971209999939 ], [ -35.759160426999983, -9.68106163199996 ], [ -35.759493709999937, -9.681466696 ], [ -35.761049038999936, -9.682866171999965 ], [ -35.761904862999955, -9.683391741000019 ], [ -35.762542641999964, -9.684227167999953 ], [ -35.762744258999952, -9.684702345999924 ], [ -35.763124369999957, -9.685183980999984 ], [ -35.763602232999972, -9.686023391999981 ], [ -35.76429566499997, -9.686826284999977 ], [ -35.764827630999932, -9.68775902399997 ], [ -35.766020989, -9.688777044999913 ], [ -35.76741148299994, -9.689418592999971 ], [ -35.768797070999916, -9.690229841999948 ], [ -35.769996292999934, -9.691142936999913 ], [ -35.77141546099994, -9.692611538999923 ], [ -35.771994592999896, -9.692944555999944 ], [ -35.772798209999948, -9.693571913999982 ], [ -35.773361260999906, -9.694091817999922 ], [ -35.775064965999917, -9.695664965999967 ], [ -35.775686806999943, -9.696409940999967 ], [ -35.776070391999973, -9.696731331999914 ], [ -35.77718813099991, -9.698989625999982 ], [ -35.778041561999913, -9.700179440999928 ], [ -35.778880116000018, -9.700687826999982 ], [ -35.780521914999966, -9.702075511999958 ], [ -35.780980941999935, -9.702353292999938 ], [ -35.783878143999928, -9.705298927999944 ], [ -35.784411052999971, -9.706230972999968 ], [ -35.785158582999912, -9.706898692999971 ], [ -35.785716469999976, -9.707693973999959 ], [ -35.786907476999936, -9.708574864999926 ], [ -35.787381711999913, -9.708743863999965 ], [ -35.787768563999947, -9.709023176999981 ], [ -35.788434162999955, -9.709850680999971 ], [ -35.788628059999922, -9.710284133999952 ], [ -35.788544139, -9.71080616299998 ], [ -35.788346719999915, -9.711236156999941 ], [ -35.788800256999956, -9.711448974999964 ], [ -35.789296576, -9.711369760999983 ], [ -35.790238190999915, -9.711030145999949 ], [ -35.790711370999901, -9.711218076999955 ], [ -35.791517400999979, -9.71181890699993 ], [ -35.792487186999928, -9.711938851 ], [ -35.792964856999923, -9.711703383999964 ], [ -35.793382904999966, -9.711914401999927 ], [ -35.793643007999904, -9.712289965999915 ], [ -35.794505415999936, -9.713139558999956 ], [ -35.795380888, -9.713559285999956 ], [ -35.796318299999925, -9.71368707799996 ], [ -35.796879475999987, -9.713851866999917 ], [ -35.797185359999986, -9.71427376399992 ], [ -35.79781992399991, -9.715624320999932 ], [ -35.798628085999987, -9.71685686199995 ], [ -35.799707886999983, -9.717784815999902 ], [ -35.800466465999953, -9.718581721999936 ], [ -35.800676710999937, -9.718934929999939 ], [ -35.804314430999924, -9.72266697299991 ], [ -35.804452101999942, -9.722808213999961 ], [ -35.804875476999982, -9.723446630999938 ], [ -35.805634341999976, -9.724254802999926 ], [ -35.805935397000013, -9.724488065999953 ], [ -35.806443491999957, -9.72488174599993 ], [ -35.807071073999929, -9.725654788999943 ], [ -35.807467039999914, -9.725918211999979 ], [ -35.808963063999968, -9.727563689999968 ], [ -35.809213957999944, -9.727973342999935 ], [ -35.809431038999968, -9.72897147799992 ], [ -35.812828365999955, -9.732212342999929 ], [ -35.813029234999966, -9.73268418399989 ], [ -35.813585480999983, -9.73349247499989 ], [ -35.815406569999936, -9.736701714999946 ], [ -35.816543903999978, -9.739391321 ], [ -35.818182886999963, -9.74189072199994 ], [ -35.819155451999968, -9.742941116999898 ], [ -35.819707237999971, -9.743714713999957 ], [ -35.819854021999944, -9.744112742999938 ], [ -35.819903763999974, -9.744247626999908 ], [ -35.819883056999949, -9.744617627999968 ], [ -35.819438168, -9.744396546999972 ], [ -35.817618378999974, -9.742208924999979 ], [ -35.815773124999978, -9.739774978999943 ], [ -35.815000148999971, -9.73807722799998 ], [ -35.814748028999894, -9.737803826999919 ], [ -35.814460728999926, -9.73778405399997 ], [ -35.814375887000011, -9.737995465999965 ], [ -35.81451939199998, -9.73852998099996 ], [ -35.816337304999941, -9.741762421999983 ], [ -35.817895181999965, -9.74341121099998 ], [ -35.818806021999919, -9.74453700099996 ], [ -35.819626579999955, -9.745302689999985 ], [ -35.82005609499997, -9.745831052999915 ], [ -35.820499866000013, -9.746577596999956 ], [ -35.821993375999945, -9.748332763999963 ], [ -35.822184881999888, -9.748808478999887 ], [ -35.82464449799992, -9.751549941999965 ], [ -35.825550446999912, -9.75237178999993 ], [ -35.826988042999936, -9.753413978 ], [ -35.829144796999948, -9.755353977999942 ], [ -35.830046077, -9.755965914999949 ], [ -35.830840032999973, -9.75722307399996 ], [ -35.832075116999931, -9.759485605999934 ], [ -35.832406985999945, -9.759915851999917 ], [ -35.833238871999946, -9.761848093999919 ], [ -35.833933575999957, -9.762644587999919 ], [ -35.834038747999955, -9.762921816999942 ], [ -35.834491078, -9.764114138999918 ], [ -35.835687026, -9.765233882999929 ], [ -35.836550162, -9.767308433999982 ], [ -35.837626408999974, -9.769391262999921 ], [ -35.838302110999926, -9.769875283 ], [ -35.839353233999944, -9.771005823999928 ], [ -35.839871905999956, -9.771978951999888 ], [ -35.840129273999935, -9.772288931999956 ], [ -35.840549950999929, -9.772111854999959 ], [ -35.841148940999929, -9.772213273 ], [ -35.841388139999914, -9.772253772999889 ], [ -35.843551648999956, -9.77369901199992 ], [ -35.844556422999958, -9.775265651999959 ], [ -35.846271280999915, -9.776882270999961 ], [ -35.847129104999922, -9.778139392999968 ], [ -35.848353605999897, -9.779612836999934 ], [ -35.84996557399996, -9.78212012599991 ], [ -35.851771898999935, -9.783928772999989 ], [ -35.853186664999932, -9.785883207999962 ], [ -35.853719486999964, -9.786441145999941 ], [ -35.85441186499996, -9.787490541999905 ], [ -35.855047386999964, -9.788186634999946 ], [ -35.856127144999952, -9.790417501999965 ], [ -35.856501056999981, -9.79086292499996 ], [ -35.856883724999939, -9.791119777999896 ], [ -35.857522027, -9.791912695999955 ], [ -35.857689074999961, -9.792351895999968 ], [ -35.858263425999965, -9.793129478 ], [ -35.859326262999971, -9.794913313999892 ], [ -35.859992115999908, -9.795589409999966 ], [ -35.861021901999941, -9.796937439999947 ], [ -35.861432695, -9.797294997999956 ], [ -35.861688892999972, -9.797739618999973 ], [ -35.862100620000021, -9.798145561999899 ], [ -35.862967573999988, -9.799467186999916 ], [ -35.863439310999937, -9.800511457 ], [ -35.864997756, -9.802572680999916 ], [ -35.8652669109999, -9.803062858999972 ], [ -35.865935884999914, -9.803813381999898 ], [ -35.865799092999964, -9.804314794999907 ], [ -35.865938713999974, -9.804770748999974 ], [ -35.866658847999958, -9.805439301999957 ], [ -35.868041928, -9.80740446399993 ], [ -35.869882972999918, -9.810398596999953 ], [ -35.871070032, -9.811822966999944 ], [ -35.871411110999965, -9.812820066999933 ], [ -35.871931528999951, -9.813614846999968 ], [ -35.871960994, -9.814065198999927 ], [ -35.872550877999956, -9.814777211999953 ], [ -35.872966612999974, -9.815826473 ], [ -35.873232559999948, -9.816215806999967 ], [ -35.873726602999973, -9.816939060999946 ], [ -35.874353359999958, -9.817855816999948 ], [ -35.874910902, -9.819256744999954 ], [ -35.875577350999983, -9.820214382999964 ], [ -35.876488233999943, -9.821874199999986 ], [ -35.877131817999988, -9.822588989999886 ], [ -35.877274234999959, -9.82314094 ], [ -35.877345031999958, -9.824008616999929 ], [ -35.877791008, -9.824081460999917 ], [ -35.878766073999941, -9.825833498999931 ], [ -35.879383245999939, -9.826563359000012 ], [ -35.880157650999969, -9.827240830999934 ], [ -35.881432979999978, -9.828913288999935 ], [ -35.882296002999972, -9.830433487999951 ], [ -35.883014925999952, -9.831523579 ], [ -35.884828802999927, -9.834273935999921 ], [ -35.885800603999954, -9.835515734 ], [ -35.885965238, -9.835980802999927 ], [ -35.888543231999954, -9.838985466999933 ], [ -35.889572340999926, -9.839987658999988 ], [ -35.889673011, -9.840004481999959 ], [ -35.902790743, -9.870075722999921 ], [ -35.90341968099991, -9.870709691999974 ], [ -35.904632482999986, -9.871514305999934 ], [ -35.905853707999952, -9.872525695999951 ], [ -35.908420605999972, -9.876226334999988 ], [ -35.909654112999895, -9.877651077999921 ], [ -35.910802301999951, -9.878549124999974 ], [ -35.912959957999952, -9.880036810999965 ], [ -35.915433538999892, -9.8815571169999 ], [ -35.915822287, -9.881965571999945 ], [ -35.916264992999942, -9.882194617999978 ], [ -35.918071257999912, -9.883987248999976 ], [ -35.918385115999946, -9.884444537999975 ], [ -35.919638775999935, -9.885544902999982 ], [ -35.920158864999983, -9.886150053999959 ], [ -35.920547745999912, -9.886394481999933 ], [ -35.920771199999926, -9.886819513999928 ], [ -35.921321540999905, -9.887228499999928 ], [ -35.922549703, -9.888457094999975 ], [ -35.923424446999903, -9.889201326 ], [ -35.925936981999961, -9.890954293999915 ], [ -35.927771329999942, -9.892524855999923 ], [ -35.928272032999978, -9.892810433999927 ], [ -35.93066077, -9.894718573999977 ], [ -35.931744733999984, -9.895897536999914 ], [ -35.935266305999953, -9.899186689000011 ], [ -35.936679101999964, -9.901026723999934 ], [ -35.937856864999979, -9.902307266000015 ], [ -35.938098538, -9.902716873999978 ], [ -35.938489896999954, -9.903046949999933 ], [ -35.939423744999949, -9.904587859999975 ], [ -35.940773349999972, -9.906447166999982 ], [ -35.941854067999948, -9.909283142999886 ], [ -35.942741363, -9.910710318999932 ], [ -35.943426136, -9.912230730999966 ], [ -35.94512882699992, -9.914692858999935 ], [ -35.945600076999924, -9.916210105999973 ], [ -35.946022872999912, -9.917130758999942 ], [ -35.946853807999915, -9.918423842 ], [ -35.947191718999896, -9.918762436999945 ], [ -35.947382555999965, -9.919247187999908 ], [ -35.94868375199998, -9.921267373 ], [ -35.949741031999977, -9.923401990999952 ], [ -35.950103496999944, -9.923774673999969 ], [ -35.950296586999933, -9.924251779999921 ], [ -35.9506826329999, -9.924675762999918 ], [ -35.953102859999959, -9.92901348399991 ], [ -35.955621449999981, -9.932339060999912 ], [ -35.955906226999915, -9.932906395999957 ], [ -35.956247027999957, -9.933226173999948 ], [ -35.95707844, -9.934332864999945 ], [ -35.957573769999954, -9.93474608799994 ], [ -35.95821718, -9.935479547999964 ], [ -35.958715432999917, -9.936341131999932 ], [ -35.960479600999953, -9.938425918999943 ], [ -35.961687834, -9.940312871999929 ], [ -35.962023415999973, -9.940676441999901 ], [ -35.962313778999928, -9.941257909999962 ], [ -35.962771517999961, -9.942173572999963 ], [ -35.963216326999913, -9.943655972999959 ], [ -35.96393318099998, -9.94436648199995 ], [ -35.964054374999968, -9.944629213999928 ], [ -35.96490518300002, -9.9473597379999 ], [ -35.96565628, -9.948900249999909 ], [ -35.966551701999919, -9.950053519999942 ], [ -35.966826225999988, -9.950688607 ], [ -35.967156367999948, -9.951164194999912 ], [ -35.967337152999988, -9.951970641999935 ], [ -35.967828794, -9.953125597999929 ], [ -35.968101793999921, -9.95351361199997 ], [ -35.968519365999924, -9.954492897 ], [ -35.970050483999955, -9.957127288 ], [ -35.970909674, -9.959080222999944 ], [ -35.973465924000024, -9.962770211999988 ], [ -35.973770589999916, -9.963839589999917 ], [ -35.974606210999951, -9.965837147999908 ], [ -35.976601074999984, -9.96868388 ], [ -35.977584503999907, -9.969541255999964 ], [ -35.979007399999958, -9.971265123999956 ], [ -35.980380172999944, -9.973405325999934 ], [ -35.981029733999954, -9.974094369999925 ], [ -35.983943841000013, -9.978333467999928 ], [ -35.984899592999959, -9.979420957999935 ], [ -35.985104732999964, -9.979781348 ], [ -35.987268741999969, -9.981675709999887 ], [ -35.988394248000013, -9.982540497999942 ], [ -35.991424235999972, -9.986234730999982 ], [ -35.993222633999913, -9.989259135999934 ], [ -35.994529354999941, -9.991066203999971 ], [ -35.995878208, -9.993690875999977 ], [ -35.997150859999955, -9.995148989 ], [ -35.998796364999947, -9.996571946999971 ], [ -35.999772664, -9.997667542999938 ], [ -36.000240854, -9.999056520999932 ], [ -36.000631269999886, -9.999130234999903 ], [ -36.002573007999963, -10.002219278999963 ], [ -36.003045334999968, -10.002587468999963 ], [ -36.003524602999924, -10.003283406 ], [ -36.004050637000013, -10.003719159999985 ], [ -36.005244536999939, -10.005517972999961 ], [ -36.006101157999943, -10.00796280299992 ], [ -36.006911527999932, -10.009759116999955 ], [ -36.007242237999947, -10.010208121999893 ], [ -36.007516136999953, -10.010852876999948 ], [ -36.007882298999967, -10.011320993999956 ], [ -36.008984988999899, -10.013389868999983 ], [ -36.009525093, -10.01457361099996 ], [ -36.010113485000012, -10.0162410209999 ], [ -36.010576597999957, -10.017188419999952 ], [ -36.010752579999952, -10.01749900299998 ], [ -36.011104880999973, -10.017777237 ], [ -36.011630857999968, -10.018823781999989 ], [ -36.011766436, -10.019314552999919 ], [ -36.013317779999923, -10.021637359999907 ], [ -36.01560743600001, -10.026138211999985 ], [ -36.015956039999899, -10.026641744999903 ], [ -36.016746934999979, -10.028746478999967 ], [ -36.018522527999977, -10.031093101999971 ], [ -36.019938526999987, -10.034139054000018 ], [ -36.021381026999968, -10.036062472999912 ], [ -36.022306269999966, -10.038726293999961 ], [ -36.023937904999961, -10.041386113999945 ], [ -36.024522676999943, -10.041849219999982 ], [ -36.025757326999958, -10.043588311999901 ], [ -36.028631455, -10.048153627999984 ], [ -36.029745705, -10.049264502999971 ], [ -36.030505200999954, -10.05017212099993 ], [ -36.031464649999897, -10.050857699999899 ], [ -36.031947820999946, -10.052013033999925 ], [ -36.032379328999944, -10.052562226999978 ], [ -36.032908907999975, -10.053484084999958 ], [ -36.03336003, -10.054582469999978 ], [ -36.034281888999978, -10.056151590999956 ], [ -36.034948765, -10.057112677999985 ], [ -36.035870623999983, -10.057818781999966 ], [ -36.038798630999949, -10.060024393999939 ], [ -36.040073459, -10.061843527999908 ], [ -36.040800178, -10.062597860999972 ], [ -36.042261937999982, -10.064016627999944 ], [ -36.04264887399993, -10.065263423999987 ], [ -36.043379754999918, -10.066553211999945 ], [ -36.043723697999958, -10.067112119999916 ], [ -36.043981655999985, -10.067800007 ], [ -36.044282605999925, -10.069003809999938 ], [ -36.044368591999934, -10.07025060499998 ], [ -36.044927501, -10.074807857999929 ], [ -36.045843753999954, -10.075553348999971 ], [ -36.046326536999935, -10.075664653999944 ], [ -36.046546747999948, -10.075840248 ], [ -36.048162308999949, -10.075708932999966 ], [ -36.04907611699997, -10.07604234599993 ], [ -36.051052239999962, -10.077292338999973 ], [ -36.051828698999905, -10.077902904999952 ], [ -36.052578794999974, -10.078703062999988 ], [ -36.053348951999922, -10.079296026999934 ], [ -36.054294213999974, -10.079862654999921 ], [ -36.055796432999927, -10.080452136999934 ], [ -36.05718961199991, -10.082598224999956 ], [ -36.058127707999986, -10.085049070999968 ], [ -36.059130541999927, -10.085567733999895 ], [ -36.062517666999952, -10.085295064999983 ], [ -36.063431830999924, -10.084983035999922 ], [ -36.065408110999925, -10.084631924999915 ], [ -36.067104028, -10.084470182999944 ], [ -36.069341641999955, -10.084914191999911 ], [ -36.07047439399998, -10.085254017999961 ], [ -36.071323959000019, -10.085735438 ], [ -36.073129125999984, -10.086680898999894 ], [ -36.073991414999924, -10.087140785999932 ], [ -36.075486048999956, -10.087894490999943 ], [ -36.07658130799998, -10.088392213999914 ], [ -36.077500023999974, -10.088768736999981 ], [ -36.078147644, -10.089039833999941 ], [ -36.078765141999931, -10.089265747999981 ], [ -36.08036160099995, -10.089958549999928 ], [ -36.081596596999908, -10.090606169999955 ], [ -36.082214095000012, -10.090862205999912 ], [ -36.083087627999902, -10.091329094999907 ], [ -36.083870795999957, -10.091735739999891 ], [ -36.084638904, -10.092112262999958 ], [ -36.085331705999948, -10.092549029999947 ], [ -36.086837798999952, -10.093768964999988 ], [ -36.08827418499996, -10.094588682999955 ], [ -36.088773784999908, -10.094960288999971 ], [ -36.090243337999908, -10.096731272999953 ], [ -36.090996359999956, -10.097305299999931 ], [ -36.092016468999894, -10.098802363999898 ], [ -36.092412854, -10.099189367999944 ], [ -36.09376770399993, -10.101736593999938 ], [ -36.094635246999943, -10.102241396999961 ], [ -36.094933484999927, -10.10261899599994 ], [ -36.095910532999945, -10.103430245999917 ], [ -36.096772359999932, -10.105298562999959 ], [ -36.097718139999941, -10.106497125999919 ], [ -36.098463782, -10.108479572 ], [ -36.09999520399996, -10.111437980999899 ], [ -36.100739797999928, -10.11286438199997 ], [ -36.101332553999946, -10.113878306999929 ], [ -36.102159292999964, -10.115297801999962 ], [ -36.103164434999904, -10.115924862999975 ], [ -36.103740079000019, -10.117060195999944 ], [ -36.104001502999978, -10.117351681999903 ], [ -36.104074236999956, -10.117432779999952 ], [ -36.104274362, -10.117928046999985 ], [ -36.104908313999964, -10.118970483999906 ], [ -36.106412739999911, -10.122256087999975 ], [ -36.107074172999923, -10.123137483999894 ], [ -36.10848939, -10.126192927999929 ], [ -36.108746339999989, -10.127291871 ], [ -36.108741990999896, -10.129283906999969 ], [ -36.108396257999978, -10.129822419999901 ], [ -36.108083326999932, -10.130250304999906 ], [ -36.108230212999921, -10.13070373499994 ], [ -36.108440961999946, -10.13113162 ], [ -36.109124300999909, -10.131284892999886 ], [ -36.109509103999955, -10.131070671999925 ], [ -36.109692685999953, -10.130735666999918 ], [ -36.110037186999946, -10.130824762 ], [ -36.110433500999967, -10.130927256999961 ], [ -36.111008271999914, -10.131259347 ], [ -36.111812950999976, -10.131776640999895 ], [ -36.111975287999904, -10.132106674999937 ], [ -36.112668799999909, -10.133362569999932 ], [ -36.112943182999963, -10.134831036000021 ], [ -36.113366516, -10.135432743999978 ], [ -36.114890749, -10.135958738999889 ], [ -36.116640414999985, -10.136270002999975 ], [ -36.118937511999974, -10.137375614999971 ], [ -36.120590562999972, -10.138803249999967 ], [ -36.122909127999961, -10.141701455999957 ], [ -36.124004004999961, -10.143161292999954 ], [ -36.126204494999953, -10.146252712999942 ], [ -36.127467053999965, -10.149387629999978 ], [ -36.130326387999936, -10.154657509999916 ], [ -36.131978215999922, -10.157098447999907 ], [ -36.132161918999934, -10.158747200999901 ], [ -36.133026882, -10.161288211999913 ], [ -36.134423959999957, -10.162768357999902 ], [ -36.136304349999932, -10.16250404599997 ], [ -36.136440281999988, -10.161424142999969 ], [ -36.136364764999954, -10.161122072999934 ], [ -36.136266592, -10.160759587999962 ], [ -36.136266592, -10.160533033999958 ], [ -36.136266592, -10.160223411999919 ], [ -36.136357212999954, -10.159913788999969 ], [ -36.136402386999961, -10.159681736999953 ], [ -36.136467431999925, -10.159474405999941 ], [ -36.136565, -10.159283335999941 ], [ -36.136658501999925, -10.159055678999934 ], [ -36.136926812999917, -10.158641017 ], [ -36.136914370999961, -10.158330389999964 ], [ -36.136949332, -10.158138107999953 ], [ -36.136986858999911, -10.158086039999908 ], [ -36.137077519999956, -10.158039053999929 ], [ -36.137240121999987, -10.157974405999909 ], [ -36.13760702099998, -10.157661198999929 ], [ -36.13772335499992, -10.157562762999955 ], [ -36.138154374999971, -10.157150139999921 ], [ -36.138540756999966, -10.156559089999956 ], [ -36.139196573999961, -10.156221812999938 ], [ -36.139789930999939, -10.156034435999977 ], [ -36.140483222999926, -10.155865797999969 ], [ -36.141351398999987, -10.155790846999896 ], [ -36.142769211999976, -10.15574712599992 ], [ -36.145040210999937, -10.155974475999901 ], [ -36.146029557, -10.156229307999936 ], [ -36.146779060999926, -10.156514118999965 ], [ -36.147528565999949, -10.156918851999968 ], [ -36.148143159, -10.157968157999925 ], [ -36.148427970999933, -10.158942513999897 ], [ -36.14862284199998, -10.160261641999975 ], [ -36.148667812999975, -10.161505819999977 ], [ -36.149079823999955, -10.16231188199988 ], [ -36.150290573999946, -10.162604132999904 ], [ -36.151505503999928, -10.163557377999904 ], [ -36.153144152999978, -10.16390060899997 ], [ -36.156045003999921, -10.163535233999937 ], [ -36.158990141999972, -10.165134023999972 ], [ -36.163447709999936, -10.168641617999935 ], [ -36.16719888599998, -10.172246643999966 ], [ -36.170170597, -10.175949104999976 ], [ -36.173909181999903, -10.180520205999915 ], [ -36.179094845999977, -10.188832617999971 ], [ -36.181961951999966, -10.194656429 ], [ -36.184147143999937, -10.198127027999922 ], [ -36.185008252999957, -10.199494670999925 ], [ -36.188610466999933, -10.202550269999971 ], [ -36.192966710999954, -10.205616835999948 ], [ -36.195287444999948, -10.207380633999957 ], [ -36.203079342999914, -10.212032288999989 ], [ -36.209863802999934, -10.216331598999913 ], [ -36.21735521499992, -10.222544780999915 ], [ -36.21812763399997, -10.223568630999985 ], [ -36.219286221999909, -10.225104349999953 ], [ -36.219466141999959, -10.225342834999967 ], [ -36.219474153999911, -10.225353455999958 ], [ -36.21989251, -10.225763396999948 ], [ -36.22143391299997, -10.226860164999923 ], [ -36.221958650999959, -10.227233536 ], [ -36.222912253999901, -10.227889138999974 ], [ -36.223806257999975, -10.22896194299992 ], [ -36.224778705999967, -10.229436910999961 ], [ -36.227479494999962, -10.232202004999953 ], [ -36.228894193999956, -10.233584550999947 ], [ -36.230212436999963, -10.234613423999988 ], [ -36.231337764999985, -10.236092426999971 ], [ -36.234495894, -10.23894541 ], [ -36.234965273999926, -10.239367765999901 ], [ -36.236798216999972, -10.240241859999927 ], [ -36.237356165999948, -10.241032108999942 ], [ -36.237773802999953, -10.242212033999959 ], [ -36.238975974999946, -10.243675102999955 ], [ -36.240465048999965, -10.245156623999968 ], [ -36.241244092999942, -10.245455913999951 ], [ -36.243906394999954, -10.247281550999926 ], [ -36.244268806, -10.247672400999935 ], [ -36.245329207999909, -10.248325449999967 ], [ -36.245993661999904, -10.248853167999933 ], [ -36.246660942999966, -10.249172580999893 ], [ -36.248238575999927, -10.250401897999911 ], [ -36.248796030999955, -10.250675792000013 ], [ -36.249665978999907, -10.251302478 ], [ -36.250406751999911, -10.253174906999934 ], [ -36.25118821599991, -10.25631148199993 ], [ -36.252630501999967, -10.257287272999932 ], [ -36.253351021999983, -10.258112052999962 ], [ -36.254518151999918, -10.259198908 ], [ -36.255440596999946, -10.259771287999936 ], [ -36.257163835999975, -10.261139792999924 ], [ -36.257879852999977, -10.261550020999938 ], [ -36.258911461999979, -10.262529482999977 ], [ -36.26069816699993, -10.263730307999946 ], [ -36.26075638099995, -10.263769432999897 ], [ -36.261606962999984, -10.264780974999926 ], [ -36.262238936999964, -10.265237860999981 ], [ -36.262831585999969, -10.265917602999913 ], [ -36.263329892999906, -10.266298305999971 ], [ -36.263717443, -10.266872180999936 ], [ -36.264774230999947, -10.267731892999926 ], [ -36.265491632999975, -10.26815000199997 ], [ -36.265967794999938, -10.268597892999903 ], [ -36.266935181999955, -10.269263497999908 ], [ -36.26830393799996, -10.270580709999916 ], [ -36.269351480999951, -10.27128338699988 ], [ -36.270524855999959, -10.272659613999974 ], [ -36.272158794999974, -10.275072931 ], [ -36.273028340999886, -10.276231743999947 ], [ -36.274417572, -10.277304406999971 ], [ -36.27633451, -10.279200556 ], [ -36.278458149, -10.281651690999954 ], [ -36.279983118999965, -10.284036088999887 ], [ -36.281399968999956, -10.28590011699993 ], [ -36.28177704399998, -10.286528884999907 ], [ -36.283525726999983, -10.288393860999939 ], [ -36.284857885999983, -10.290506129999915 ], [ -36.285552655999915, -10.291302068999958 ], [ -36.286047368999988, -10.292380829999953 ], [ -36.287028268999968, -10.293860508999989 ], [ -36.287715074999952, -10.294556554999939 ], [ -36.288212674, -10.295283366999946 ], [ -36.288661809999951, -10.295740312999918 ], [ -36.289328520999959, -10.29684886299998 ], [ -36.290159383999956, -10.297758372 ], [ -36.291463849999978, -10.299763753000018 ], [ -36.292165902999976, -10.300464951999949 ], [ -36.293050019999946, -10.302084984999965 ], [ -36.293461759, -10.303207046999901 ], [ -36.293915261999949, -10.303905630999971 ], [ -36.295086586999965, -10.306666337999953 ], [ -36.295440088999989, -10.307291346999888 ], [ -36.295950749999967, -10.308727486999963 ], [ -36.296550270999923, -10.309589472999964 ], [ -36.297057223999943, -10.310740781999922 ], [ -36.297491968999942, -10.311336315999903 ], [ -36.298270215999942, -10.31353922499992 ], [ -36.299101826999916, -10.314499047999931 ], [ -36.299470231999933, -10.315721856999943 ], [ -36.300021969999932, -10.316762199999957 ], [ -36.300384648000012, -10.317941457999918 ], [ -36.300808539999913, -10.318820236999976 ], [ -36.301103837, -10.320374937999915 ], [ -36.301688941999927, -10.321470694999984 ], [ -36.302163384000011, -10.323105746999911 ], [ -36.30268829700001, -10.326132145999939 ], [ -36.302771394999958, -10.328447530999934 ], [ -36.303109016999919, -10.330155036999905 ], [ -36.303272009999908, -10.331560937999967 ], [ -36.30330075799997, -10.332995273999895 ], [ -36.303229557999941, -10.334101632999953 ], [ -36.302632348, -10.337934420999911 ], [ -36.302240769999933, -10.34154611 ], [ -36.302108512999915, -10.342078204999932 ], [ -36.302241572, -10.342639807999948 ], [ -36.301364319999976, -10.344516778 ], [ -36.299508809999928, -10.348486832999942 ], [ -36.298746122999972, -10.349198966999978 ], [ -36.297600401999944, -10.35015206599997 ], [ -36.296582261999987, -10.351095159999929 ], [ -36.295639167999944, -10.351998227999953 ], [ -36.294688569999984, -10.352871276999981 ], [ -36.294377663000013, -10.353126048000011 ], [ -36.294328343999929, -10.35316646299998 ], [ -36.294045665999903, -10.353494168999916 ], [ -36.29393543299993, -10.353729091999989 ], [ -36.293779100999963, -10.353846049999987 ], [ -36.293721585, -10.354918472999904 ], [ -36.295023330999967, -10.356285627999956 ], [ -36.2955764189999, -10.356565541999935 ], [ -36.295672204999924, -10.356614018999949 ], [ -36.296834243999967, -10.357202118999936 ], [ -36.297030042999914, -10.357351595999958 ], [ -36.297232670999982, -10.357566731 ], [ -36.297740489999988, -10.358169609999962 ], [ -36.29817651199992, -10.358664717999982 ], [ -36.298620517999971, -10.359643671999979 ], [ -36.298753627999886, -10.360095821999909 ], [ -36.298853691, -10.36046855599993 ], [ -36.299143872999935, -10.360936351 ], [ -36.299259908999943, -10.361053414 ], [ -36.299548211999905, -10.361689067999931 ], [ -36.300381072999983, -10.362467477999942 ], [ -36.304828267999973, -10.362754260999957 ], [ -36.307423076, -10.364218088999927 ], [ -36.311822149, -10.369395479999937 ], [ -36.313859619999917, -10.371182235999981 ], [ -36.320659897, -10.379951038999963 ], [ -36.332745996999918, -10.398777575999901 ], [ -36.335805320999917, -10.403761705999909 ], [ -36.337410639999959, -10.407479335999932 ], [ -36.342854563999907, -10.416100557999957 ], [ -36.346190529999973, -10.423358575999902 ], [ -36.34810565799998, -10.426133958999944 ], [ -36.350380355999981, -10.431394112999964 ], [ -36.351859688999987, -10.43316859699997 ], [ -36.352935667999944, -10.436688249999953 ], [ -36.353551917999944, -10.436944975999968 ], [ -36.354413618999921, -10.438643601999914 ], [ -36.355133963999926, -10.44127816599994 ], [ -36.357912352999946, -10.447217021999982 ], [ -36.364435933999964, -10.458355254 ], [ -36.370488770999941, -10.467474044999975 ], [ -36.376579109, -10.478725541999939 ], [ -36.379024344999983, -10.483812471999926 ], [ -36.380855034000021, -10.491198072999946 ], [ -36.381852596999956, -10.493998492999928 ], [ -36.385357708999983, -10.499326350999954 ], [ -36.391525692999977, -10.501185804999974 ], [ -36.393876845999912, -10.500343567999922 ], [ -36.393880302999932, -10.498921409999934 ], [ -36.399413034999945, -10.494733004999951 ], [ -36.401206648999938, -10.492028333999897 ], [ -36.404209926999918, -10.485582810999944 ], [ -36.405097693999913, -10.482255757999908 ], [ -36.405246749, -10.481697149999965 ], [ -36.408037473999968, -10.47123844399996 ], [ -36.417380673999958, -10.454041949999976 ], [ -36.419296903999971, -10.450514573999975 ], [ -36.421803128999947, -10.44266162400001 ], [ -36.42734886099997, -10.433855058999924 ], [ -36.430458322999939, -10.425311242999907 ], [ -36.432247955999955, -10.422945550999923 ], [ -36.437928451999937, -10.41842915399998 ], [ -36.440433010999953, -10.418109580999918 ], [ -36.441710669999978, -10.418460669999924 ], [ -36.443605628999912, -10.418021607999922 ], [ -36.447708084999888, -10.414326688999914 ], [ -36.449547717999955, -10.411135466999927 ], [ -36.450717967999971, -10.410176836999923 ], [ -36.456540366999974, -10.407452341999917 ], [ -36.456855252, -10.407352815999943 ], [ -36.458836526999974, -10.406731019999921 ], [ -36.460654483999939, -10.406594222999971 ], [ -36.460884557999968, -10.40660565499994 ], [ -36.463529202999943, -10.406737057999976 ], [ -36.46545832299995, -10.407771264999926 ], [ -36.467872271999937, -10.409065390999977 ], [ -36.468018351999937, -10.409176058999986 ], [ -36.468721487999936, -10.409708752 ], [ -36.471852283, -10.412080621999969 ], [ -36.47506718599989, -10.414516211999963 ], [ -36.479828574999942, -10.41812341 ], [ -36.48012840199997, -10.418350555999961 ], [ -36.482671794999916, -10.420277413999962 ], [ -36.483362816999978, -10.420800927999935 ], [ -36.483613455999937, -10.420990810999925 ], [ -36.48385372900001, -10.421172839999977 ], [ -36.484254274999934, -10.421369447999989 ], [ -36.48656227699994, -10.422502333999933 ], [ -36.487391393999886, -10.422909308999944 ], [ -36.489579877999951, -10.423983099999884 ], [ -36.48961259, -10.423999151999968 ], [ -36.501231918999927, -10.429701449999978 ], [ -36.51002865, -10.432815304999959 ], [ -36.522229350999986, -10.433097474999947 ], [ -36.522133026999917, -10.42877793699995 ], [ -36.519646660999989, -10.42676212199996 ], [ -36.519307704999918, -10.424703671 ], [ -36.516650755999905, -10.424477146 ], [ -36.510047696999976, -10.422265867999908 ], [ -36.510539840999925, -10.421406433999941 ], [ -36.512760537, -10.420804613999973 ], [ -36.516579669999977, -10.420877980999915 ], [ -36.528185577999956, -10.422715887000017 ], [ -36.534766384999912, -10.422211921999974 ], [ -36.538575554999959, -10.422363378999894 ], [ -36.539679602, -10.422824756999965 ], [ -36.542771439999939, -10.426818726999937 ], [ -36.544645080999985, -10.43002921899992 ], [ -36.54465333499995, -10.430039715999989 ], [ -36.555208849999971, -10.42271602799994 ], [ -36.559344814999967, -10.422687677999903 ], [ -36.560869935999946, -10.421788327999922 ], [ -36.563026674999961, -10.419699493999929 ], [ -36.563228093999925, -10.419504678999974 ], [ -36.565310374, -10.415809129999914 ], [ -36.565581663999971, -10.411871797999922 ], [ -36.563260418999938, -10.408388450999922 ], [ -36.561968642999901, -10.404416492999907 ], [ -36.561863940999942, -10.397743666999887 ], [ -36.560762108999903, -10.393390123999918 ], [ -36.561599704999928, -10.385697348999972 ], [ -36.561774973999952, -10.38408642099991 ], [ -36.564375119999973, -10.38012991799993 ], [ -36.565935509999939, -10.377755804999961 ], [ -36.567930083999947, -10.372851927999932 ], [ -36.567704475999932, -10.366673507999963 ], [ -36.568492031999902, -10.362579286999956 ], [ -36.568122337999959, -10.358217951999967 ], [ -36.567040193999951, -10.35642566 ], [ -36.566669294, -10.353512837999951 ], [ -36.56620973699998, -10.348156692999982 ], [ -36.565765837999933, -10.345271313999898 ], [ -36.56607646599997, -10.341675659999934 ], [ -36.567149512999933, -10.340574680999964 ], [ -36.567972426, -10.339401823999911 ], [ -36.567635943999946, -10.334897630999912 ], [ -36.565878869999963, -10.329451893999902 ], [ -36.56611288499996, -10.328220750999911 ], [ -36.566121406999955, -10.32816540699995 ], [ -36.566393243999975, -10.327554558999946 ], [ -36.567350509999955, -10.325403474999955 ], [ -36.570412013999956, -10.320519513999976 ], [ -36.570586070999973, -10.320241842999916 ], [ -36.571375262999901, -10.319255781999953 ], [ -36.572062895999949, -10.318396613999919 ], [ -36.574178994999976, -10.315252676999936 ], [ -36.574410986999986, -10.315031723999951 ], [ -36.576953088, -10.31261059099991 ], [ -36.582632644999912, -10.307201299999985 ], [ -36.585610858999942, -10.305047177999921 ], [ -36.58895125399993, -10.301849298 ], [ -36.588948197999947, -10.30182956399997 ], [ -36.588725704999916, -10.299443263999969 ], [ -36.591181863000017, -10.287385404999988 ], [ -36.595504892999955, -10.284122237 ], [ -36.597530675999963, -10.282999117999974 ], [ -36.599556458999977, -10.281875997999951 ], [ -36.606429667999969, -10.278065095999938 ], [ -36.611850813999986, -10.271474742 ], [ -36.621939925999961, -10.259209658 ], [ -36.625407395999979, -10.256377852999915 ], [ -36.625529994, -10.256278414999947 ], [ -36.630973263999984, -10.254007793999925 ], [ -36.632583997999937, -10.253567721999929 ], [ -36.638634180999958, -10.251914585999927 ], [ -36.642298997999958, -10.251978181999949 ], [ -36.644468552999967, -10.252542419999916 ], [ -36.649008523, -10.256168423999906 ], [ -36.650365929999957, -10.262552586999934 ], [ -36.65766246099998, -10.268305620999968 ], [ -36.660749453999955, -10.270129754 ], [ -36.663836448000026, -10.269147528999905 ], [ -36.670439274999936, -10.268350739999971 ], [ -36.674666279999919, -10.269510021999967 ], [ -36.679371953999976, -10.269812274999929 ], [ -36.68274837300001, -10.271924827999928 ], [ -36.681662872999908, -10.273463317999948 ], [ -36.682533763000016, -10.274886929999965 ], [ -36.685105509, -10.27525947299997 ], [ -36.687613765999963, -10.274498438999974 ], [ -36.690415676999983, -10.272722603999945 ], [ -36.701486991999957, -10.271162135999884 ], [ -36.701990237999944, -10.2709746 ], [ -36.709973777999963, -10.268001516999941 ], [ -36.714517223000016, -10.267200099999979 ], [ -36.720394444999933, -10.264944028999919 ], [ -36.721251045999928, -10.264615207999977 ], [ -36.727454959999967, -10.25571464499993 ], [ -36.731150156999909, -10.248588193999947 ], [ -36.733789581999893, -10.24476102700001 ], [ -36.737880692999987, -10.239482174999953 ], [ -36.741048003999957, -10.236578805999979 ], [ -36.74355545899995, -10.23314755299994 ], [ -36.747250654999981, -10.230904040999938 ], [ -36.764330970999943, -10.228477093999949 ], [ -36.768540026999943, -10.227918821999944 ], [ -36.776031913999965, -10.226428196999976 ], [ -36.7768684239999, -10.225930727999938 ], [ -36.778814647999987, -10.224773319999919 ], [ -36.788581060999917, -10.224639289999931 ], [ -36.808413385999941, -10.220876470999901 ], [ -36.81431188600002, -10.218853777999964 ], [ -36.818899495, -10.215841816999976 ], [ -36.819251464999986, -10.215317749999958 ], [ -36.820094952999966, -10.214549149999957 ], [ -36.821043029999984, -10.213998652999972 ], [ -36.82214402299995, -10.213539906999941 ], [ -36.822200403999908, -10.213529654999981 ], [ -36.82227712899995, -10.213515704999981 ], [ -36.822297590999959, -10.213511984999942 ], [ -36.822309843, -10.213509756999933 ], [ -36.8277403989999, -10.209671624999977 ], [ -36.830786298999946, -10.207518885999939 ], [ -36.83345152099993, -10.205635196999957 ], [ -36.835656304999922, -10.2040769299999 ], [ -36.836733353999954, -10.202921636999967 ], [ -36.838381175999963, -10.201154105999915 ], [ -36.839792910999975, -10.198871777 ], [ -36.839836773999963, -10.198703073999976 ], [ -36.840246687999951, -10.197126481999913 ], [ -36.841460511999927, -10.19433035199993 ], [ -36.84191569599993, -10.193311606999927 ], [ -36.843649729999967, -10.190081968999959 ], [ -36.844885228999964, -10.188651389999986 ], [ -36.845218524999915, -10.188767568999918 ], [ -36.845835939999901, -10.188830486999972 ], [ -36.845845904999955, -10.188831501999967 ], [ -36.846573557999946, -10.186553266999937 ], [ -36.84658497, -10.186517536999911 ], [ -36.846917440999974, -10.185491612999936 ], [ -36.847118717999933, -10.180140174 ], [ -36.847264732999932, -10.176272726000018 ], [ -36.848547116999988, -10.171713768999929 ], [ -36.848005288999921, -10.170066204999944 ], [ -36.848607105999982, -10.162787496999975 ], [ -36.851329645, -10.160002588999944 ], [ -36.854408109999987, -10.15913948199994 ], [ -36.858584957, -10.15940877899993 ], [ -36.860375723999923, -10.157898078999988 ], [ -36.861668214999924, -10.157541271999953 ], [ -36.864301671999947, -10.158959739999901 ], [ -36.867373374, -10.157552187999968 ], [ -36.870534325999962, -10.154765357999956 ], [ -36.873515612999903, -10.150184932999956 ], [ -36.876982711999979, -10.146124027999953 ], [ -36.880596815999958, -10.145068555999933 ], [ -36.887604852, -10.143021866999963 ], [ -36.897279057999938, -10.141945327999974 ], [ -36.910893892999958, -10.137943243999953 ], [ -36.914171951999933, -10.136292470999969 ], [ -36.917378014999905, -10.133243608999948 ], [ -36.91741255299992, -10.133210961 ], [ -36.91741242499991, -10.133210886 ], [ -36.918421828999939, -10.132250975999975 ], [ -36.918453258999968, -10.13222134499992 ], [ -36.918525855999931, -10.132152904999941 ], [ -36.919739131999961, -10.130998599999913 ], [ -36.921562076999976, -10.128313648999981 ], [ -36.926978841999983, -10.118101323999934 ], [ -36.928436264999959, -10.110201993999951 ], [ -36.930574670999967, -10.105770906999961 ], [ -36.934038521999952, -10.101677158 ], [ -36.943459093999948, -10.092844842 ], [ -36.947099124999944, -10.086549850999976 ], [ -36.947214900999931, -10.086349923999954 ], [ -36.946452094999962, -10.085772370999951 ], [ -36.949204666999982, -10.081660712000012 ], [ -36.95058468799995, -10.077987203 ], [ -36.950818006999981, -10.077541418999974 ], [ -36.952259978999919, -10.074788690999942 ], [ -36.950894142999971, -10.074022756999984 ], [ -36.949365429999965, -10.07391152199993 ], [ -36.947892528999951, -10.074457361999972 ], [ -36.944779826999891, -10.075611027999948 ], [ -36.943447483999961, -10.076935239 ], [ -36.942532445000012, -10.077182363999931 ], [ -36.942307160000027, -10.077243231999905 ], [ -36.868887011, -10.04709682499994 ], [ -36.874751214999904, -10.053504162999932 ], [ -36.872362854, -10.058296505999969 ], [ -36.868189287999911, -10.05792283199996 ], [ -36.866168071999923, -10.058236286999961 ] ] ] } },
{ "type": "Feature", "properties": { "NM_MACRO": "Macrorregião II" }, "geometry": { "type": "Polygon", "coordinates": [ [ [ -36.979081182999913, -9.35953071299998 ], [ -36.976952913999945, -9.361388411999945 ], [ -36.976172345999927, -9.362069142999957 ], [ -36.969287387999941, -9.369048670999952 ], [ -36.961286825999935, -9.375635195999937 ], [ -36.958528738, -9.378700568999905 ], [ -36.955464647999953, -9.381251129 ], [ -36.95243368, -9.382543443999985 ], [ -36.946487616999974, -9.383022563999926 ], [ -36.946486967999917, -9.383022384999911 ], [ -36.944008944999965, -9.382340643 ], [ -36.940269572999931, -9.380284451999948 ], [ -36.936850463, -9.377425066999972 ], [ -36.936849385999906, -9.377425684999935 ], [ -36.933253732999944, -9.374418743 ], [ -36.931099561999964, -9.371581503 ], [ -36.930437173999955, -9.370036326999958 ], [ -36.936110567999975, -9.362129793999912 ], [ -36.936767593999981, -9.361214151999913 ], [ -36.938402712, -9.355676993999978 ], [ -36.93787704199994, -9.352821311999953 ], [ -36.936551463999947, -9.349886277999936 ], [ -36.935058193999943, -9.348749609999945 ], [ -36.930029444999974, -9.346998947999957 ], [ -36.92534700099997, -9.34363264499996 ], [ -36.922270216999948, -9.339761859999967 ], [ -36.921028490999966, -9.335517705 ], [ -36.920943432999955, -9.332487430999908 ], [ -36.92276681, -9.329982170999923 ], [ -36.924970295999977, -9.328838840999914 ], [ -36.926788173999931, -9.327205857999981 ], [ -36.927315467999946, -9.325411127999899 ], [ -36.926762623999949, -9.32289187 ], [ -36.922320408999923, -9.318165835999942 ], [ -36.921616317999934, -9.314770575999948 ], [ -36.921683366999979, -9.313612214999939 ], [ -36.92181856599997, -9.311254776999927 ], [ -36.921414951999971, -9.309557830999944 ], [ -36.918058424999984, -9.304786601999965 ], [ -36.915820466, -9.299020803999941 ], [ -36.913692246999943, -9.296055649 ], [ -36.900827733999925, -9.282908411999951 ], [ -36.897945988999965, -9.281198189999934 ], [ -36.88979377099993, -9.283639027999918 ], [ -36.889792966999948, -9.283638640999975 ], [ -36.884133604999938, -9.280914616999919 ], [ -36.879748599999942, -9.278803793999973 ], [ -36.874772546999985, -9.276960731999978 ], [ -36.879784268999963, -9.276374645999979 ], [ -36.879783462999988, -9.276374297999951 ], [ -36.879781541999918, -9.276374520999969 ], [ -36.875077997999945, -9.274348035999898 ], [ -36.872962609999973, -9.268682835999936 ], [ -36.871260053999968, -9.268084654999914 ], [ -36.871259418999919, -9.268084431999984 ], [ -36.867469374999942, -9.26853150399994 ], [ -36.865814211999954, -9.269817872999969 ], [ -36.864447838999965, -9.269809815000013 ], [ -36.858352225, -9.272668200999906 ], [ -36.857673047999945, -9.273361262999963 ], [ -36.856790608999937, -9.272828891999968 ], [ -36.856789174, -9.272829039999982 ], [ -36.856015752999951, -9.27290864 ], [ -36.853201092999946, -9.276151533999904 ], [ -36.853199351999898, -9.276151361999979 ], [ -36.850391236999897, -9.275872439 ], [ -36.850391044999967, -9.275872516999911 ], [ -36.848370028, -9.276695205999946 ], [ -36.846776738999971, -9.277706693999971 ], [ -36.844201013999928, -9.282342401999928 ], [ -36.840837087999951, -9.285155592 ], [ -36.840246371999925, -9.287578688999925 ], [ -36.839712438999975, -9.288213935999989 ], [ -36.837899118999957, -9.288418796999981 ], [ -36.837898253999974, -9.288418627999967 ], [ -36.836277542, -9.28810307699997 ], [ -36.836041233999978, -9.288628448999919 ], [ -36.796832644999917, -9.280423175999935 ], [ -36.776829541999973, -9.275307633999979 ], [ -36.774083376999947, -9.274605335999958 ], [ -36.761772536, -9.271456992999966 ], [ -36.760779532999905, -9.271801982999911 ], [ -36.729663624999922, -9.282612303999965 ], [ -36.699747484999918, -9.293005799999904 ], [ -36.698627885999919, -9.29337169699998 ], [ -36.689392212999941, -9.296390016999961 ], [ -36.68922481799995, -9.296444722999958 ], [ -36.688064163999925, -9.298611276999985 ], [ -36.687445147999959, -9.300816519999927 ], [ -36.685626790999962, -9.302286680999977 ], [ -36.683808432999967, -9.303176515999972 ], [ -36.681525813999933, -9.304956184999963 ], [ -36.679127128999973, -9.306155526999898 ], [ -36.677656967999923, -9.307084049999986 ], [ -36.675761232999918, -9.308979784999988 ], [ -36.674871399000011, -9.310217814999929 ], [ -36.674484513999978, -9.310449945999949 ], [ -36.673788122, -9.310256503999931 ], [ -36.673439925999965, -9.309560111999954 ], [ -36.67262746799998, -9.309598799999957 ], [ -36.672163205999937, -9.310449945999949 ], [ -36.671737632999985, -9.311997484999917 ], [ -36.670422225999957, -9.313235515999946 ], [ -36.668333048999926, -9.313506334999971 ], [ -36.665895675999963, -9.313931908000011 ], [ -36.663071417999966, -9.314125349999943 ], [ -36.661794699000019, -9.314821741999918 ], [ -36.660479290999987, -9.315672888999909 ], [ -36.658931752999926, -9.316059772999946 ], [ -36.657461590999965, -9.315595511999989 ], [ -36.65614618399993, -9.314628299999988 ], [ -36.655140283999934, -9.313583711999978 ], [ -36.654624482999978, -9.312669177999982 ], [ -36.652379207, -9.312803505 ], [ -36.652341386999979, -9.31284078399997 ], [ -36.652275503999945, -9.312905725999926 ], [ -36.652239355999974, -9.312941356999943 ], [ -36.652179827999937, -9.313000031999914 ], [ -36.651694900999956, -9.313478018999938 ], [ -36.651652813999945, -9.313519503999906 ], [ -36.651600312999946, -9.313571252999925 ], [ -36.651141158999977, -9.314023836999979 ], [ -36.650660487, -9.314497629999924 ], [ -36.6504103689999, -9.314744167999983 ], [ -36.65017894799994, -9.314972277999939 ], [ -36.650063509999981, -9.315086063999939 ], [ -36.650011275999923, -9.315137551999936 ], [ -36.649967797999963, -9.315180405999929 ], [ -36.649739091999962, -9.315405839999929 ], [ -36.648790909999931, -9.315574727999959 ], [ -36.648790224999964, -9.315574440999935 ], [ -36.646080941999976, -9.314439167999971 ], [ -36.646078214999925, -9.314439037999961 ], [ -36.644689117000013, -9.314371665999982 ], [ -36.642593483999988, -9.316064437999977 ], [ -36.641887619999942, -9.317649634999952 ], [ -36.641809837, -9.319768279999924 ], [ -36.640639700999984, -9.320358143999968 ], [ -36.639274077999964, -9.321046285999973 ], [ -36.639271454000017, -9.321046105999958 ], [ -36.635456052999984, -9.320784882999927 ], [ -36.63545600499998, -9.3207849199999 ], [ -36.635454232999926, -9.32078479899992 ], [ -36.634844265, -9.321255253999944 ], [ -36.635896505999924, -9.323051532999976 ], [ -36.634616575999985, -9.326903547999926 ], [ -36.633726311999951, -9.327722959999956 ], [ -36.631888775999968, -9.328298867999912 ], [ -36.628729155999935, -9.328278521999916 ], [ -36.628344, -9.329218515999976 ], [ -36.6285174, -9.331750679999967 ], [ -36.627879689999901, -9.332334982999907 ], [ -36.625796767999958, -9.332320624999962 ], [ -36.625794253000016, -9.332320607999961 ], [ -36.624855163999939, -9.331832161999959 ], [ -36.613164499999968, -9.342555073999975 ], [ -36.611960603999918, -9.343659311999946 ], [ -36.611858588999915, -9.343752880999961 ], [ -36.611840677999943, -9.343769309999988 ], [ -36.593219215000012, -9.360849288999923 ], [ -36.591307006999976, -9.359053338 ], [ -36.590516093999916, -9.357360318 ], [ -36.588470130999909, -9.355524353999961 ], [ -36.58366371299995, -9.353610708999987 ], [ -36.582520157999923, -9.353782147999961 ], [ -36.58183216099993, -9.353885786999921 ], [ -36.578610855999941, -9.35719403699991 ], [ -36.574750092999977, -9.357687129999942 ], [ -36.56735760299992, -9.356471819000017 ], [ -36.563530634999914, -9.356803578999934 ], [ -36.562663336999918, -9.356121133999956 ], [ -36.559578202999916, -9.356383838999932 ], [ -36.557478140999969, -9.355000904999905 ], [ -36.552330511999934, -9.354640066999892 ], [ -36.550190013999931, -9.354097741999961 ], [ -36.54872303399997, -9.352651987999888 ], [ -36.548690673999957, -9.351490216999952 ], [ -36.551074946999968, -9.349025576999953 ], [ -36.550835296999942, -9.343823450999938 ], [ -36.529517128, -9.364790749 ], [ -36.524007697999956, -9.370208515999906 ], [ -36.505804575999903, -9.388101397999954 ], [ -36.486818269999979, -9.406010319 ], [ -36.486674340999976, -9.406145951999939 ], [ -36.485610579999978, -9.407148398999926 ], [ -36.482624990999952, -9.412645165999983 ], [ -36.460767213999944, -9.452871427999959 ], [ -36.463186789999938, -9.453853393999939 ], [ -36.459828624, -9.455130618999924 ], [ -36.458630450999976, -9.455481895999945 ], [ -36.457417464999892, -9.455540778999932 ], [ -36.455824911000015, -9.455273398000013 ], [ -36.454889787999917, -9.455266790999911 ], [ -36.45426472299998, -9.455416075999917 ], [ -36.453792506999989, -9.456042630999978 ], [ -36.453271360999942, -9.45622717199997 ], [ -36.452664388999906, -9.456257011999952 ], [ -36.451986599999955, -9.456595042999943 ], [ -36.451791971999931, -9.457056565999938 ], [ -36.452030413999942, -9.457692849999916 ], [ -36.45300615699994, -9.45934672599998 ], [ -36.453522686999953, -9.459791190999983 ], [ -36.454436432999977, -9.460346394999913 ], [ -36.456641334999979, -9.462085909999956 ], [ -36.456707363999932, -9.462566830999958 ], [ -36.457580806999907, -9.463927648999933 ], [ -36.457594894999914, -9.464390508999948 ], [ -36.456578430999926, -9.465990696999921 ], [ -36.456627093999955, -9.466385102999958 ], [ -36.45714252399997, -9.466937726999941 ], [ -36.457728956, -9.467405466999917 ], [ -36.459150539999932, -9.46954727899994 ], [ -36.459268540000018, -9.470045410999944 ], [ -36.459107777999947, -9.470695518999911 ], [ -36.459208448999931, -9.471193687 ], [ -36.459483213999924, -9.47146649499993 ], [ -36.460001185999971, -9.471744019999978 ], [ -36.459596377999965, -9.472614410999963 ], [ -36.459691574999937, -9.472938347999943 ], [ -36.459798381999981, -9.473301789999905 ], [ -36.460124305999948, -9.473851424 ], [ -36.46103645299992, -9.474646372999956 ], [ -36.461242741999939, -9.474955723999884 ], [ -36.461383938999987, -9.476212320999938 ], [ -36.461663875999967, -9.476595308999919 ], [ -36.462238168999967, -9.476789854999939 ], [ -36.463120617999969, -9.476863262999885 ], [ -36.46359325199991, -9.477136033999983 ], [ -36.465964684999925, -9.479317383999989 ], [ -36.466521655999912, -9.480539392999939 ], [ -36.467350377999914, -9.481708638999958 ], [ -36.467454162999971, -9.483400599999975 ], [ -36.468415536999935, -9.485518824999911 ], [ -36.460164055999947, -9.493591028999987 ], [ -36.450975352999954, -9.505271584999925 ], [ -36.42651029299995, -9.506924485 ], [ -36.397002338999968, -9.508915540999979 ], [ -36.386491454999906, -9.509624470999928 ], [ -36.378576049999928, -9.51015717799995 ], [ -36.351298787999944, -9.506337508999923 ], [ -36.339880961999896, -9.511671612999933 ], [ -36.338880025999948, -9.512009017999961 ], [ -36.338140444999951, -9.512439505999964 ], [ -36.335601674999943, -9.513918739999966 ], [ -36.334784802999948, -9.513845485999944 ], [ -36.334017141999936, -9.513239166999959 ], [ -36.332552990999936, -9.513127678999972 ], [ -36.332050964999965, -9.512791987999908 ], [ -36.331128044999986, -9.512499945999902 ], [ -36.33055949000002, -9.512129032999944 ], [ -36.329811889999981, -9.511006425999962 ], [ -36.329195589999969, -9.51095152699995 ], [ -36.327217786999924, -9.512204355999959 ], [ -36.325879437999944, -9.513418901 ], [ -36.32385147599993, -9.514653670999934 ], [ -36.322879271999959, -9.51493010599998 ], [ -36.320454851999912, -9.517346193999959 ], [ -36.319137298999962, -9.518012403999927 ], [ -36.316397208999909, -9.518641687999946 ], [ -36.315376848999954, -9.517883002999966 ], [ -36.314838145999964, -9.517929559 ], [ -36.313739922999957, -9.518638356999936 ], [ -36.312702273999903, -9.517913434 ], [ -36.312198085999931, -9.517842297999973 ], [ -36.311349936999918, -9.518753480999958 ], [ -36.310200204999916, -9.518731494999916 ], [ -36.30937303499995, -9.519075428999951 ], [ -36.309063624999929, -9.51993918399992 ], [ -36.309410410999938, -9.520724901999916 ], [ -36.309321172999923, -9.521340720999977 ], [ -36.308343581999949, -9.521683401999908 ], [ -36.307635501999982, -9.52182810799998 ], [ -36.307159059, -9.522573909999959 ], [ -36.306029616999986, -9.522272644999902 ], [ -36.292753683999941, -9.519549595999926 ], [ -36.260570891999969, -9.520581334999939 ], [ -36.240794512999955, -9.510296621999942 ], [ -36.234431042999951, -9.502433414999928 ], [ -36.225096572999973, -9.490901616999952 ], [ -36.216988559999955, -9.474031361999963 ], [ -36.224220888999987, -9.500399343999938 ], [ -36.227576009999957, -9.513252387999987 ], [ -36.228188099999976, -9.514925703999971 ], [ -36.228050836999984, -9.515635752000012 ], [ -36.218663728999914, -9.564115219999941 ], [ -36.214057967999949, -9.570193181999947 ], [ -36.191571647999979, -9.599854580999928 ], [ -36.250326910999966, -9.596534058999989 ], [ -36.262563675999921, -9.595759366999928 ], [ -36.26441168099997, -9.595642303999924 ], [ -36.253909442999912, -9.623889343999942 ], [ -36.28790840299996, -9.609124005999941 ], [ -36.287970217999927, -9.607648986999934 ], [ -36.288242801999921, -9.606614985 ], [ -36.288881331, -9.605782242999933 ], [ -36.290832074999926, -9.604787980999912 ], [ -36.290818464999958, -9.60345973899997 ], [ -36.290947192999951, -9.603015439999979 ], [ -36.291269538999977, -9.602413692999928 ], [ -36.291659663999923, -9.602130072999909 ], [ -36.29224857099998, -9.602341370999984 ], [ -36.29293700800001, -9.602772027999912 ], [ -36.293302941, -9.602684412999945 ], [ -36.293833369999923, -9.601553147999958 ], [ -36.294466547, -9.601653308999985 ], [ -36.317951754999925, -9.607574350999887 ], [ -36.320467456999978, -9.608208526999956 ], [ -36.320856304999907, -9.608306246999959 ], [ -36.351163816999971, -9.607217109 ], [ -36.351497481999957, -9.606947896999923 ], [ -36.351164528999938, -9.606862440999958 ], [ -36.350464992999967, -9.605887053999901 ], [ -36.350213893999978, -9.605345346999933 ], [ -36.349716066, -9.605460342999944 ], [ -36.348889150999966, -9.604734824999955 ], [ -36.348213713999947, -9.604537498999971 ], [ -36.346577542999931, -9.604787273999943 ], [ -36.346132987, -9.604212779999926 ], [ -36.346360919999945, -9.603566420999915 ], [ -36.34566777, -9.602761795999953 ], [ -36.345437167999897, -9.602058464999935 ], [ -36.344639560999987, -9.600938181999968 ], [ -36.344552160999946, -9.600371605999985 ], [ -36.344666184999966, -9.599244756999919 ], [ -36.344550412999979, -9.59832124399998 ], [ -36.344714408999963, -9.598000505 ], [ -36.345500722999915, -9.597112328999964 ], [ -36.345674603999917, -9.596367304999958 ], [ -36.346000745999987, -9.596289775999939 ], [ -36.346688105999931, -9.596400280999934 ], [ -36.347167031999945, -9.595955607999912 ], [ -36.346522728999922, -9.594731221999947 ], [ -36.346854880999963, -9.593960167999921 ], [ -36.348099599999919, -9.59304499299996 ], [ -36.350438588, -9.592802543999973 ], [ -36.350744585, -9.592350289999946 ], [ -36.350812084, -9.592367420999942 ], [ -36.392104896999939, -9.60290488599998 ], [ -36.391719764999955, -9.605753717999971 ], [ -36.391705816999959, -9.605856891999981 ], [ -36.388606993999886, -9.628772889999977 ], [ -36.380829230999929, -9.635367232999986 ], [ -36.394164739999901, -9.648367597999968 ], [ -36.393242214999894, -9.648728331999973 ], [ -36.392190235999983, -9.649802675999958 ], [ -36.391526966999905, -9.650262605 ], [ -36.389026598999969, -9.650937265999953 ], [ -36.388555884999924, -9.65122575000002 ], [ -36.388330724999946, -9.651681998999933 ], [ -36.388217741999931, -9.652428418999964 ], [ -36.38743945200001, -9.653178629999955 ], [ -36.384838058999975, -9.654852003999942 ], [ -36.383961129999889, -9.655416513999931 ], [ -36.380217103999904, -9.656857344999953 ], [ -36.379441926999981, -9.657684654000015 ], [ -36.378980541, -9.658632021999974 ], [ -36.37835469799991, -9.660416691999934 ], [ -36.377606246999974, -9.662156406999905 ], [ -36.377108753999934, -9.663758718999965 ], [ -36.376382820999915, -9.664517447999948 ], [ -36.376275923999948, -9.66584557 ], [ -36.376079558999955, -9.666104172999962 ], [ -36.375632057999965, -9.666282109999941 ], [ -36.375574078999968, -9.666987910999985 ], [ -36.37593768499994, -9.669017458999956 ], [ -36.374716688, -9.669921475999971 ], [ -36.374548744999949, -9.670822619000015 ], [ -36.374833207999949, -9.672999703999935 ], [ -36.374418231999989, -9.673794413999964 ], [ -36.374001860999911, -9.674258526 ], [ -36.373527686999935, -9.6757468499999 ], [ -36.372414580999937, -9.676238193999925 ], [ -36.372083425999982, -9.677526727999958 ], [ -36.372269899999957, -9.68006499399992 ], [ -36.372334480999974, -9.680950715999931 ], [ -36.372021359, -9.681513324999941 ], [ -36.372276816999907, -9.682192108999971 ], [ -36.372246541999978, -9.682754763999984 ], [ -36.372408670999981, -9.683472228999928 ], [ -36.373077489999986, -9.684438683999957 ], [ -36.373498325, -9.685265769999912 ], [ -36.373496479000018, -9.686164677999948 ], [ -36.373276911999973, -9.686836575999942 ], [ -36.373464936999895, -9.687581279 ], [ -36.373327619999898, -9.68826760099995 ], [ -36.37296847599994, -9.688820154999927 ], [ -36.372894217999921, -9.689673970999962 ], [ -36.372992696999987, -9.689912428999975 ], [ -36.372855113999982, -9.690095157999989 ], [ -36.372163874999977, -9.690070702999925 ], [ -36.37252555, -9.690962381999984 ], [ -36.372057469999966, -9.692266667999899 ], [ -36.372290034999935, -9.692438171999967 ], [ -36.372444286999908, -9.692810025999915 ], [ -36.371834600999911, -9.693134805999964 ], [ -36.371579324999928, -9.693486524999933 ], [ -36.371348199, -9.694406167999908 ], [ -36.370940408, -9.695488439999927 ], [ -36.370885483999984, -9.697608189999901 ], [ -36.370714990999915, -9.697944172 ], [ -36.370350186999929, -9.698279246999913 ], [ -36.36983067200002, -9.698488170999969 ], [ -36.369580629999945, -9.698437798999976 ], [ -36.367605395999931, -9.69897397299993 ], [ -36.366690735999924, -9.699691235999948 ], [ -36.366050899999919, -9.700049966999963 ], [ -36.364584626999921, -9.699337542 ], [ -36.364167204999937, -9.699446781999971 ], [ -36.363941231999981, -9.700083709999912 ], [ -36.363862921999981, -9.70121415800001 ], [ -36.363693611999921, -9.701612476999927 ], [ -36.361857886999907, -9.702691006999903 ], [ -36.361161955999968, -9.703209609999915 ], [ -36.360551378, -9.703888148999923 ], [ -36.360130586999986, -9.704211777999966 ], [ -36.359580359999939, -9.703771978 ], [ -36.359151761, -9.704189526999901 ], [ -36.358249031999918, -9.705698960999914 ], [ -36.35716874, -9.706896813 ], [ -36.356659980999979, -9.707176294999936 ], [ -36.355938461999962, -9.70735704099997 ], [ -36.355522207, -9.707968115999989 ], [ -36.355275377999902, -9.70814542899992 ], [ -36.354457179999969, -9.708375908999894 ], [ -36.352777397999986, -9.709166948999975 ], [ -36.350592090999918, -9.709687338999956 ], [ -36.349999523999912, -9.71004831399998 ], [ -36.348388197, -9.710635905999926 ], [ -36.3471388, -9.710098462999955 ], [ -36.34671802, -9.710319955999985 ], [ -36.345942452999964, -9.71148340099997 ], [ -36.344471309, -9.71204325999993 ], [ -36.343694702999969, -9.712567292999946 ], [ -36.343138642999968, -9.713214667999953 ], [ -36.343407695999936, -9.714128550999895 ], [ -36.344341550999928, -9.716349594 ], [ -36.344390416999978, -9.717065749 ], [ -36.344160781999982, -9.718274266999988 ], [ -36.344190310999942, -9.719415118999969 ], [ -36.344437215999939, -9.720434334999922 ], [ -36.344519846999937, -9.721571755999975 ], [ -36.343964801999931, -9.722637892999989 ], [ -36.343806134999951, -9.723310060999918 ], [ -36.344112041999949, -9.724233569999946 ], [ -36.344185724999917, -9.725569533999906 ], [ -36.343531198999941, -9.730274734999927 ], [ -36.342694236999968, -9.732702489999985 ], [ -36.342942924999939, -9.733855907999938 ], [ -36.343445053, -9.735014073999931 ], [ -36.343637371999939, -9.736365426999921 ], [ -36.343677944, -9.737502508999945 ], [ -36.34358343199991, -9.738050664999914 ], [ -36.343436151999981, -9.738208624000016 ], [ -36.342715697999964, -9.738552790999982 ], [ -36.342719822999953, -9.739149944999921 ], [ -36.343352834000015, -9.741613189999981 ], [ -36.344805380999937, -9.74394137799997 ], [ -36.345441249999972, -9.744568070999954 ], [ -36.34591346899996, -9.745216948999907 ], [ -36.347385351999975, -9.748534164999928 ], [ -36.348413951999909, -9.748919899999958 ], [ -36.349437586999962, -9.74855614499997 ], [ -36.351472752999953, -9.747395423999944 ], [ -36.353105991999904, -9.74689742199995 ], [ -36.353695509999923, -9.747116930999905 ], [ -36.355771091999969, -9.748542512 ], [ -36.35777344, -9.749332881999933 ], [ -36.359556086999973, -9.750287160999932 ], [ -36.359746290999986, -9.75065044699997 ], [ -36.359661775999925, -9.750862570999935 ], [ -36.359974136999924, -9.751682683999935 ], [ -36.361381132999988, -9.752142519999968 ], [ -36.361272536999969, -9.752630326999917 ], [ -36.360583072999944, -9.75289038699994 ], [ -36.358411408999942, -9.753033829999907 ], [ -36.357303642999945, -9.753282692999981 ], [ -36.355770941999957, -9.754113564999983 ], [ -36.354971488999979, -9.753877588 ], [ -36.354637702999987, -9.75464666699995 ], [ -36.354522793999891, -9.756242467999915 ], [ -36.354160362999927, -9.757219501999931 ], [ -36.35422207199997, -9.75793202399991 ], [ -36.354800526999959, -9.758540358999973 ], [ -36.355499261999952, -9.75965647499995 ], [ -36.357745154999968, -9.763643024999929 ], [ -36.358303003999943, -9.765168362999926 ], [ -36.359751255999953, -9.76807807399998 ], [ -36.360028286999963, -9.769009813999979 ], [ -36.363525242999934, -9.766414343 ], [ -36.364714021999973, -9.767397324999965 ], [ -36.366055350999929, -9.76708393299997 ], [ -36.368554595999953, -9.766237776999947 ], [ -36.368939592999922, -9.765719514999965 ], [ -36.369525034999953, -9.765880029999924 ], [ -36.372714798999908, -9.767293520999905 ], [ -36.376130524999908, -9.767756005999978 ], [ -36.380963274999914, -9.768679754999937 ], [ -36.384551864999921, -9.769489105999934 ], [ -36.385477516999948, -9.76993990799993 ], [ -36.386179172999917, -9.770280107999923 ], [ -36.387961807999972, -9.771145715999957 ], [ -36.393995856999901, -9.774075713999913 ], [ -36.414504224, -9.777458814999967 ], [ -36.440295385999939, -9.780798599 ], [ -36.446896675999902, -9.78165342199993 ], [ -36.447648529999938, -9.780612304999941 ], [ -36.448224220999961, -9.779537092999885 ], [ -36.448978385000011, -9.779312926999989 ], [ -36.449434147999973, -9.780234805999971 ], [ -36.450414364999986, -9.780758441999954 ], [ -36.452268249999989, -9.780485574999936 ], [ -36.453309823000019, -9.780549995999937 ], [ -36.453938217999969, -9.781587756 ], [ -36.455439735999946, -9.782058368999952 ], [ -36.456597344999977, -9.781951927999938 ], [ -36.459885983999953, -9.783181666 ], [ -36.461540087999936, -9.784915026999968 ], [ -36.462525591999942, -9.784750736999964 ], [ -36.463777051999926, -9.783468060999972 ], [ -36.464011749999898, -9.783697048 ], [ -36.464550410999969, -9.784309641999883 ], [ -36.464740525999979, -9.784879987999911 ], [ -36.46506794699998, -9.785714383999938 ], [ -36.465258062, -9.786263606 ], [ -36.465395367999989, -9.787087438999947 ], [ -36.465395367999989, -9.787784528999982 ], [ -36.465258062, -9.788027454 ], [ -36.465046823, -9.788133073999957 ], [ -36.464560972999955, -9.788481619000017 ], [ -36.463821634999888, -9.788956906999907 ], [ -36.46373713899991, -9.789168146999977 ], [ -36.463716014999939, -9.789537815999921 ], [ -36.463990625999926, -9.789970855999957 ], [ -36.464201865999904, -9.790562325999957 ], [ -36.464159617999961, -9.791396721999984 ], [ -36.46434973299997, -9.792072687999958 ], [ -36.465310872, -9.79327675199993 ], [ -36.466155829999927, -9.794438567999958 ], [ -36.466562465, -9.794596996999921 ], [ -36.466911009999976, -9.7950722859999 ], [ -36.467143373999924, -9.795468359999987 ], [ -36.467153934999914, -9.79591196199992 ], [ -36.467201463999935, -9.796725233999975 ], [ -36.467058877999953, -9.797290298999922 ], [ -36.466979662999968, -9.797786711999962 ], [ -36.46700078699994, -9.798589420999942 ], [ -36.467222588, -9.799418534999976 ], [ -36.468336876, -9.801303845999914 ], [ -36.468526991000012, -9.802523753999953 ], [ -36.468891378999963, -9.803104661999967 ], [ -36.469293213999904, -9.803710534999915 ], [ -36.469571665999936, -9.80417862199992 ], [ -36.469546363999974, -9.804412905999943 ], [ -36.470195358999938, -9.804555446999924 ], [ -36.470640429, -9.804416531999976 ], [ -36.470801954999949, -9.804366287999907 ], [ -36.470892976999927, -9.80433892899995 ], [ -36.470947694999929, -9.804308412999912 ], [ -36.471429111999967, -9.804098483999951 ], [ -36.471851160999982, -9.803915478999908 ], [ -36.472262539, -9.803583413999966 ], [ -36.472666037, -9.803248366999956 ], [ -36.472942740999976, -9.803067098999968 ], [ -36.47317041, -9.802924126999951 ], [ -36.473280067, -9.802904018999975 ], [ -36.473581275999962, -9.802882774 ], [ -36.473830897, -9.802874890999963 ], [ -36.474285392999953, -9.802916303999925 ], [ -36.474640803999961, -9.802943126999924 ], [ -36.475271155999984, -9.803144302999961 ], [ -36.475824389999929, -9.803270037999972 ], [ -36.475849536999966, -9.803271714999934 ], [ -36.475894801999978, -9.803247405999965 ], [ -36.476279550999926, -9.803037846999946 ], [ -36.476314756999912, -9.802996773999922 ], [ -36.476340052999959, -9.802945332999929 ], [ -36.492855207999966, -9.803046019999911 ], [ -36.525574799999944, -9.803245500999896 ], [ -36.525902578999975, -9.803247498999973 ], [ -36.526003568999982, -9.803248114999935 ], [ -36.526037396999939, -9.803248320999952 ], [ -36.526527166999962, -9.803894716999967 ], [ -36.526565658999949, -9.803945519 ], [ -36.527066284999897, -9.804606244999952 ], [ -36.539574117999976, -9.821114055999974 ], [ -36.553171293999959, -9.839059581999937 ], [ -36.553199113999952, -9.839080590999988 ], [ -36.553121061999974, -9.839207120999976 ], [ -36.553043608999964, -9.83923245099994 ], [ -36.552952940999923, -9.839262102999907 ], [ -36.552876944999937, -9.839372979999933 ], [ -36.552754383999925, -9.839321983999977 ], [ -36.552657941999939, -9.839392965999899 ], [ -36.552515389999954, -9.839449070999922 ], [ -36.552500103999932, -9.839603242999978 ], [ -36.552414631999966, -9.839675842999945 ], [ -36.55227997199993, -9.839790224 ], [ -36.552079679999963, -9.839764770999931 ], [ -36.551758309999933, -9.839723929999927 ], [ -36.551630565999936, -9.839688475999925 ], [ -36.551227643, -9.839889298999932 ], [ -36.550988146999977, -9.84000866799995 ], [ -36.549718789999936, -9.840455596999981 ], [ -36.548755936999939, -9.840715224999968 ], [ -36.547725022999906, -9.840885537999938 ], [ -36.547507106, -9.840881799999984 ], [ -36.546871601, -9.840870900999972 ], [ -36.546094358999895, -9.841129091999928 ], [ -36.544958428999969, -9.841576624 ], [ -36.543592234999906, -9.84169851299988 ], [ -36.543164891999893, -9.84169912199993 ], [ -36.542595554999949, -9.84172929099994 ], [ -36.542243045, -9.841810944999946 ], [ -36.542035530999975, -9.841882504999916 ], [ -36.541776899999981, -9.841887285999956 ], [ -36.541523880999925, -9.841866436 ], [ -36.541140232999972, -9.84200947099994 ], [ -36.540787343, -9.842167959999909 ], [ -36.540558232999956, -9.84234127799995 ], [ -36.540445514999959, -9.842356753999987 ], [ -36.54023683199992, -9.842535471999941 ], [ -36.539979842999976, -9.84285559 ], [ -36.539711132999948, -9.843190307999944 ], [ -36.539540371999941, -9.843415107999894 ], [ -36.53888619, -9.843808990999975 ], [ -36.53829770699997, -9.843729250999949 ], [ -36.538000114999953, -9.844091302999974 ], [ -36.537647842999938, -9.844040376999937 ], [ -36.537124085999942, -9.844508477999941 ], [ -36.536887889999939, -9.844402774999899 ], [ -36.536034815999969, -9.844891943999961 ], [ -36.535730430999919, -9.844950759999943 ], [ -36.534953298999923, -9.845100924999933 ], [ -36.534456906999971, -9.845410762 ], [ -36.534248307999945, -9.845696607000015 ], [ -36.533979513, -9.846064939999938 ], [ -36.533073968999943, -9.846502165999965 ], [ -36.532692296999983, -9.84631257699991 ], [ -36.531775347999968, -9.846545378999988 ], [ -36.530393969999977, -9.84677918299997 ], [ -36.529101318999963, -9.847170248999909 ], [ -36.528597968999968, -9.847332081999976 ], [ -36.528344832, -9.84741346899996 ], [ -36.528075230999974, -9.847646799999904 ], [ -36.527580345999972, -9.847697292 ], [ -36.527017801999968, -9.848524181999935 ], [ -36.526267988, -9.84911583699995 ], [ -36.525523218999936, -9.84982466399989 ], [ -36.52522030499992, -9.850533554999924 ], [ -36.525159693999967, -9.850675396999936 ], [ -36.524367680999987, -9.85149771499994 ], [ -36.523340197999971, -9.852527283999951 ], [ -36.522059028999927, -9.853865438999915 ], [ -36.521669774999957, -9.854090058999937 ], [ -36.521351801999941, -9.854273545999931 ], [ -36.520375075999951, -9.855121814999952 ], [ -36.519389775999962, -9.856238698 ], [ -36.518962213999934, -9.856802176999985 ], [ -36.518679620999912, -9.857174602999979 ], [ -36.518038750999906, -9.858007469999968 ], [ -36.517446707999952, -9.858320234 ], [ -36.517066569999898, -9.858521051999919 ], [ -36.516333395999936, -9.858962553999945 ], [ -36.516377422999938, -9.859032366999948 ], [ -36.515755109999965, -9.859402031999892 ], [ -36.515500408999941, -9.859553056999953 ], [ -36.513815636999894, -9.858602698999924 ], [ -36.512110614999955, -9.857873882999929 ], [ -36.51091150599995, -9.857226451 ], [ -36.50969372799991, -9.85630101 ], [ -36.507753870999984, -9.855609914999924 ], [ -36.506247894999902, -9.855368089999988 ], [ -36.505356772999981, -9.855487531999925 ], [ -36.505321189999968, -9.855508045999933 ], [ -36.503640543999907, -9.856476927999985 ], [ -36.502909930999941, -9.857825194999986 ], [ -36.502778527, -9.858411792999938 ], [ -36.501437024000019, -9.861490885999974 ], [ -36.500922503, -9.862037673 ], [ -36.500515649, -9.863290284999911 ], [ -36.499335794999979, -9.864436958999928 ], [ -36.49728354, -9.865693529999891 ], [ -36.496551956999951, -9.866956814999966 ], [ -36.496364022999941, -9.868748432999968 ], [ -36.49644542799993, -9.870589804 ], [ -36.496384500999952, -9.871876019999931 ], [ -36.495909912999942, -9.874051671 ], [ -36.496609259999985, -9.875626791999942 ], [ -36.496801375999979, -9.876876242999938 ], [ -36.496466752999915, -9.87891166199995 ], [ -36.496382718999982, -9.880101487999987 ], [ -36.496759234999956, -9.881283925999945 ], [ -36.497418428999964, -9.882857947999973 ], [ -36.497662476999906, -9.883438961 ], [ -36.497747966999967, -9.884884868 ], [ -36.497695138999944, -9.885669301999972 ], [ -36.498555162999963, -9.889502855999989 ], [ -36.498883248999931, -9.890183310999895 ], [ -36.499830833999987, -9.891390760999968 ], [ -36.499866513999926, -9.892092159999915 ], [ -36.499567355999957, -9.894311200999933 ], [ -36.498328128, -9.89633879699992 ], [ -36.497971628999906, -9.897683900999926 ], [ -36.497833378999928, -9.900198405999966 ], [ -36.497720056999967, -9.900768556999889 ], [ -36.497050296999973, -9.90167982199997 ], [ -36.496362781999927, -9.903584200999976 ], [ -36.495694528999969, -9.904434049999949 ], [ -36.494834871999984, -9.90512714899992 ], [ -36.494421622, -9.905587948999944 ], [ -36.49363887799997, -9.906460640999942 ], [ -36.49227976, -9.908422369999897 ], [ -36.491527352999974, -9.909507817999913 ], [ -36.490634800999928, -9.911135202999915 ], [ -36.489356633999954, -9.91296757 ], [ -36.487724421999907, -9.916145906999901 ], [ -36.487056985000017, -9.919596651999957 ], [ -36.487107186999907, -9.922197509999947 ], [ -36.486911497999969, -9.92393583499998 ], [ -36.486940785999906, -9.926050786999912 ], [ -36.486134260999961, -9.927637344999914 ], [ -36.484609255, -9.928271045999942 ], [ -36.483918592999963, -9.928376760999985 ], [ -36.482081913999956, -9.929748101999941 ], [ -36.480909101999906, -9.930303276999958 ], [ -36.479135514999975, -9.931539195999989 ], [ -36.478704923999963, -9.933029326999915 ], [ -36.477913479999941, -9.934471948999906 ], [ -36.476549841999912, -9.93520885799995 ], [ -36.475412092999917, -9.935490405999886 ], [ -36.474056653999945, -9.935545465999912 ], [ -36.472854389999945, -9.935987400999974 ], [ -36.472357194000026, -9.936577194999924 ], [ -36.471001734999959, -9.938976732999954 ], [ -36.470915561999931, -9.940063281999885 ], [ -36.471082794, -9.941673335999962 ], [ -36.471052911999926, -9.943862234999884 ], [ -36.471190258000014, -9.944520179999966 ], [ -36.471664925999939, -9.945686797999947 ], [ -36.471635760999924, -9.946881834999971 ], [ -36.471719755999949, -9.947995103999979 ], [ -36.472276052999966, -9.950018617999984 ], [ -36.472360514999949, -9.951139708999929 ], [ -36.472968422999969, -9.953569283999958 ], [ -36.473416330999989, -9.954690436999909 ], [ -36.474280003999951, -9.956022931999938 ], [ -36.475470545999961, -9.956244576999978 ], [ -36.476634796000013, -9.957276153999977 ], [ -36.47704974, -9.957851088999941 ], [ -36.477668540999922, -9.958140151999967 ], [ -36.478083875, -9.95864232899995 ], [ -36.478476429999979, -9.959363118999903 ], [ -36.478970082999965, -9.960008135999981 ], [ -36.479782091999915, -9.960521668999927 ], [ -36.480113022999944, -9.961195785999926 ], [ -36.479826541999962, -9.962156723999943 ], [ -36.479750591999974, -9.962707032 ], [ -36.479443706, -9.963470858999962 ], [ -36.479141121999909, -9.963708484999906 ], [ -36.478607231999966, -9.964398570999982 ], [ -36.47805747699995, -9.965625522999984 ], [ -36.477165734999978, -9.967025769999932 ], [ -36.47552375899992, -9.967853249 ], [ -36.474973309999939, -9.968561523999904 ], [ -36.474496255, -9.969412874999911 ], [ -36.474159351, -9.970720611999933 ], [ -36.472613035999963, -9.972926851999958 ], [ -36.472114827999953, -9.974194427999944 ], [ -36.472090229999957, -9.974789718 ], [ -36.472940124999937, -9.977596056000021 ], [ -36.473109302, -9.978668622999948 ], [ -36.472858334, -9.97924473999992 ], [ -36.472942490999955, -9.979855027999967 ], [ -36.473411127, -9.980979025999975 ], [ -36.473464297999961, -9.981819791 ], [ -36.473132075, -9.983388347999927 ], [ -36.473735906999963, -9.984892318999933 ], [ -36.473743671999983, -9.985463271999922 ], [ -36.473107184999904, -9.986503960999965 ], [ -36.473382269999924, -9.987626028 ], [ -36.473525390999953, -9.99016223199996 ], [ -36.474275621999944, -9.991329878999938 ], [ -36.474501414999978, -9.99183908499997 ], [ -36.474388353999949, -9.992232527999928 ], [ -36.4738564109999, -9.992603143999951 ], [ -36.473585218000018, -9.993048361000019 ], [ -36.473862134999926, -9.994153218999951 ], [ -36.47416723399995, -9.994747808999943 ], [ -36.474182211999945, -9.995501813999979 ], [ -36.473922309999935, -9.996949332999932 ], [ -36.47465748799992, -9.998752618999923 ], [ -36.474410106999969, -9.99959297499991 ], [ -36.474634001999931, -9.999871791999976 ], [ -36.475304245999965, -10.000139336999908 ], [ -36.475803472999971, -10.000691773999964 ], [ -36.476329888999921, -10.000900988999957 ], [ -36.476941069999953, -10.000964689999897 ], [ -36.477970782999975, -10.000776744999978 ], [ -36.478633282999986, -10.000754714999932 ], [ -36.479021244999934, -10.001105874999944 ], [ -36.47935500200002, -10.001694138999945 ], [ -36.480500015999986, -10.00262632699998 ], [ -36.480971783999941, -10.004320297999985 ], [ -36.48105201, -10.005182386999905 ], [ -36.481531316999963, -10.006210918999919 ], [ -36.481831369999924, -10.006615671999924 ], [ -36.482195975999979, -10.008132824999954 ], [ -36.482466572999989, -10.008657314999919 ], [ -36.483130539999948, -10.008889933999981 ], [ -36.484704882999914, -10.010366790999964 ], [ -36.485269781999932, -10.011317409999926 ], [ -36.485477263999961, -10.012157363999968 ], [ -36.485741294999954, -10.012701449999955 ], [ -36.485915029999944, -10.013358740999895 ], [ -36.486883740999893, -10.014836268999932 ], [ -36.487276876999914, -10.015176467999925 ], [ -36.487825578999924, -10.015973898999913 ], [ -36.48796461, -10.016449348 ], [ -36.487576806999947, -10.01685492899998 ], [ -36.487525380999955, -10.018610051999893 ], [ -36.48793821000001, -10.018907957999939 ], [ -36.488443187999955, -10.018993178999974 ], [ -36.488492735999969, -10.019616510999946 ], [ -36.488165148999954, -10.020089201999976 ], [ -36.487997122, -10.020633150999952 ], [ -36.487828957999938, -10.022037769999908 ], [ -36.486853699999983, -10.023814669999936 ], [ -36.485443524999923, -10.02585706 ], [ -36.485055324999955, -10.02608769399998 ], [ -36.48474932599995, -10.026516429999926 ], [ -36.483517239999969, -10.027041263999919 ], [ -36.482833262999954, -10.027136599 ], [ -36.481121779, -10.027147133999975 ], [ -36.479539354999908, -10.027548611999975 ], [ -36.477803273999967, -10.027557883999943 ], [ -36.476187507999953, -10.027390536999953 ], [ -36.474243949, -10.027533901999913 ], [ -36.473781383, -10.027804039999971 ], [ -36.473665886999946, -10.028256220999904 ], [ -36.47394400699995, -10.028808813999973 ], [ -36.473635257999987, -10.029303176999932 ], [ -36.47205223000001, -10.029665598999898 ], [ -36.471858343999955, -10.030147578999987 ], [ -36.471494499999963, -10.030646940999915 ], [ -36.47099581899991, -10.030876278999886 ], [ -36.467049363999962, -10.03076593 ], [ -36.466360815000016, -10.030828081999982 ], [ -36.465245419, -10.030664322999932 ], [ -36.464798105999947, -10.030510969999945 ], [ -36.463444199, -10.030381899999924 ], [ -36.461242731999938, -10.030563191999914 ], [ -36.460158302999915, -10.030236493999972 ], [ -36.459277574999966, -10.029745216 ], [ -36.458190128999959, -10.029423561999945 ], [ -36.457606703999915, -10.030241620999952 ], [ -36.457140221999964, -10.030236203999948 ], [ -36.45666174599998, -10.029969589999915 ], [ -36.456195211999926, -10.02983344299993 ], [ -36.455858522999954, -10.030155781999955 ], [ -36.45552746700001, -10.031314710999922 ], [ -36.454951935999908, -10.032269936 ], [ -36.479611452, -10.058564315999924 ], [ -36.491361328, -10.071094237999972 ], [ -36.494160982, -10.07064300099994 ], [ -36.497549149999948, -10.070961058999966 ], [ -36.500164756999915, -10.069728008 ], [ -36.501519346, -10.070834044999938 ], [ -36.507517222999944, -10.069185983999912 ], [ -36.509582364000018, -10.068618559999948 ], [ -36.51018804499995, -10.065443349999953 ], [ -36.509657646999941, -10.062325812999934 ], [ -36.510578862999957, -10.055946830999979 ], [ -36.512611130999979, -10.049872496 ], [ -36.515069809999929, -10.04932126099996 ], [ -36.51582755, -10.046279180999967 ], [ -36.515239533999939, -10.044344285999923 ], [ -36.517216173999969, -10.040519373999906 ], [ -36.578536960999955, -10.037813218999908 ], [ -36.641763234999949, -10.035008167999898 ], [ -36.654107565999922, -10.034460307999954 ], [ -36.657785802999967, -10.034214696999971 ], [ -36.657061594, -10.033412371999933 ], [ -36.65428172699994, -10.029219350999924 ], [ -36.651859900999931, -10.027709010999926 ], [ -36.651611007999946, -10.026933981999925 ], [ -36.651605078999985, -10.024342681999926 ], [ -36.655632021999935, -10.018996401999974 ], [ -36.65521976900002, -10.014581422999985 ], [ -36.654725302999964, -10.013519426999956 ], [ -36.653940924999986, -10.014266189999926 ], [ -36.652162084999887, -10.0173939109999 ], [ -36.650663396999967, -10.018057258999896 ], [ -36.650287232999929, -10.017137234999979 ], [ -36.648153055999913, -10.011925719999986 ], [ -36.646161949000017, -10.010039390999964 ], [ -36.646054068999973, -10.007988995999956 ], [ -36.647111955999925, -10.007100818 ], [ -36.647467052, -10.006987716999976 ], [ -36.650884975999915, -10.007503389999922 ], [ -36.65322529900002, -10.006847352999909 ], [ -36.654029419999937, -10.005655277999953 ], [ -36.653088496999978, -10.000981751999976 ], [ -36.649803452999954, -9.999373201999934 ], [ -36.648611445999919, -9.996701954999892 ], [ -36.646252041999922, -9.996689881999959 ], [ -36.644694374, -9.995929297 ], [ -36.643024389999937, -9.993731637999886 ], [ -36.643505441999949, -9.992316379999938 ], [ -36.647027596999962, -9.988514824999989 ], [ -36.647085037999922, -9.987964849999958 ], [ -36.647218318999933, -9.986695110999971 ], [ -36.646606213, -9.986180196999911 ], [ -36.648781621999966, -9.984659616999952 ], [ -36.653829261999896, -9.983039525999931 ], [ -36.658807425999946, -9.979041428999974 ], [ -36.665583712999911, -9.974672416999969 ], [ -36.671280096999965, -9.972519824999942 ], [ -36.675606792999929, -9.969556219999959 ], [ -36.676611313999913, -9.96838247099992 ], [ -36.678846088999897, -9.967810639999946 ], [ -36.681385853999984, -9.967507867999942 ], [ -36.685475625999977, -9.965252332999924 ], [ -36.685687685999937, -9.962678450999945 ], [ -36.700151015999907, -9.989489552 ], [ -36.705501955999978, -9.997493031999976 ], [ -36.706025492999956, -9.99827609499993 ], [ -36.706848980999965, -10.000360936999947 ], [ -36.706940477999986, -10.000592586999929 ], [ -36.706233884999968, -10.005663569000017 ], [ -36.706851092999962, -10.01101026 ], [ -36.705257388999904, -10.017401298999978 ], [ -36.705109650999937, -10.019588604999946 ], [ -36.711485626999909, -10.040394344999953 ], [ -36.711952602999915, -10.041918154 ], [ -36.712003958, -10.042085732999922 ], [ -36.712435010999947, -10.043492321999953 ], [ -36.71250148099994, -10.04370922499996 ], [ -36.712702130999936, -10.044363972999953 ], [ -36.713119877999951, -10.045727144999946 ], [ -36.713951029999976, -10.045493390999965 ], [ -36.714382547999975, -10.053840571999967 ], [ -36.726888069999958, -10.065641751999937 ], [ -36.728780808999979, -10.072445353999942 ], [ -36.732051193999943, -10.075097986999953 ], [ -36.735080104999909, -10.0793224509999 ], [ -36.73508806499995, -10.079684431 ], [ -36.735121960999912, -10.081225795 ], [ -36.735142074999978, -10.082140458 ], [ -36.735230666999932, -10.082657248999954 ], [ -36.735608067999983, -10.084054571999928 ], [ -36.737672025999963, -10.086483112999961 ], [ -36.739053266000028, -10.087151387999921 ], [ -36.743840597, -10.087549927999945 ], [ -36.745678298, -10.088691033999947 ], [ -36.751141705999963, -10.093853717999895 ], [ -36.751440505999902, -10.096383850999896 ], [ -36.752635550000015, -10.098897369999943 ], [ -36.756277884000028, -10.101949793999905 ], [ -36.758243223999926, -10.102247745999954 ], [ -36.759692898999965, -10.103718317999949 ], [ -36.76066824199993, -10.104707720999922 ], [ -36.761188442999988, -10.10538408499993 ], [ -36.76608317099997, -10.111753555999897 ], [ -36.766988467, -10.114418377999939 ], [ -36.767276480999939, -10.117308901999916 ], [ -36.767499624999928, -10.119550212 ], [ -36.768556677999989, -10.122611161999956 ], [ -36.77004281499994, -10.12409911999988 ], [ -36.782168637999952, -10.112414404999953 ], [ -36.784143844999953, -10.112417144999913 ], [ -36.786149459999898, -10.111482276999922 ], [ -36.786886947999989, -10.110463039999967 ], [ -36.78763521, -10.107613776999941 ], [ -36.789559531999963, -10.105360146 ], [ -36.793455462999908, -10.104407044999913 ], [ -36.795419903, -10.10338756599994 ], [ -36.800384868999927, -10.101914594999922 ], [ -36.801915117999975, -10.100263659999925 ], [ -36.803974056999984, -10.096212660999942 ], [ -36.80644558700002, -10.0942878099999 ], [ -36.809026898999903, -10.093679637999969 ], [ -36.813360711000016, -10.091830334999901 ], [ -36.815959887999952, -10.087916956999937 ], [ -36.818331149999956, -10.08024203599996 ], [ -36.821663794999921, -10.074597452000017 ], [ -36.862990848999935, -10.059264354999936 ], [ -36.865472536999924, -10.058344022999989 ], [ -36.866168071999923, -10.058236286999961 ], [ -36.868189287999911, -10.05792283199996 ], [ -36.872362854, -10.058296505999969 ], [ -36.874751214999904, -10.053504162999932 ], [ -36.868887011, -10.04709682499994 ], [ -36.942307160000027, -10.077243231999905 ], [ -36.942532445000012, -10.077182363999931 ], [ -36.943447483999961, -10.076935239 ], [ -36.944779826999891, -10.075611027999948 ], [ -36.947892528999951, -10.074457361999972 ], [ -36.949365429999965, -10.07391152199993 ], [ -36.950894142999971, -10.074022756999984 ], [ -36.952259978999919, -10.074788690999942 ], [ -36.953676757, -10.07208405499998 ], [ -36.953904665000017, -10.071648978999955 ], [ -36.954430316999911, -10.07064487899992 ], [ -36.956718380999945, -10.059335702999888 ], [ -36.959100782999982, -10.050530334 ], [ -36.959136483999913, -10.045988136999956 ], [ -36.956299609000027, -10.034149154999966 ], [ -36.956401840999966, -10.023695328 ], [ -36.956445447999933, -10.019232598999977 ], [ -36.957513291999902, -10.015525789999963 ], [ -36.957860029999907, -10.014554833 ], [ -36.957860088999908, -10.014554656 ], [ -36.957875641999955, -10.014500700999967 ], [ -36.957903578999954, -10.014432870999951 ], [ -36.957905723999957, -10.014427661999964 ], [ -36.958506417999921, -10.012969185 ], [ -36.958509173999971, -10.012946600999989 ], [ -36.958548000999897, -10.012628396999951 ], [ -36.958548018999984, -10.012628248999938 ], [ -36.958681809999952, -10.011531785999988 ], [ -36.958795784999971, -10.011382053999945 ], [ -36.958809231999929, -10.011364387999905 ], [ -36.958821594999975, -10.011348146999982 ], [ -36.958894190999942, -10.011252774999909 ], [ -36.959070005999919, -10.011166530999967 ], [ -36.959070292999947, -10.011166389999953 ], [ -36.959085016999921, -10.011125172999918 ], [ -36.963958361, -9.997477697999951 ], [ -36.967604819, -9.992882678999898 ], [ -36.972624627999934, -9.987894837999939 ], [ -36.990791644999923, -9.977293586999952 ], [ -36.994881393999918, -9.975372389999976 ], [ -37.000345925999973, -9.975273310999949 ], [ -37.005518635999948, -9.97622750599994 ], [ -37.013341933999953, -9.978680941999901 ], [ -37.029917671, -9.986291328999958 ], [ -37.037859298999926, -9.989083151999939 ], [ -37.04421172, -9.988692851999886 ], [ -37.049686968999957, -9.986613530999971 ], [ -37.056769051999908, -9.982465343999941 ], [ -37.061805881999923, -9.978459295999947 ], [ -37.062545825999955, -9.977871108999953 ], [ -37.065246150999911, -9.975723507999895 ], [ -37.067923735999948, -9.973593992999913 ], [ -37.075078312999949, -9.96668796699996 ], [ -37.079126808, -9.962779121999926 ], [ -37.080675142999937, -9.961284195999959 ], [ -37.088966705999951, -9.953925231999921 ], [ -37.10341559799997, -9.939000948999915 ], [ -37.12199277399997, -9.921922805999955 ], [ -37.132644922999908, -9.913799486999913 ], [ -37.133422329000012, -9.913206638999977 ], [ -37.142539166999924, -9.90625414499991 ], [ -37.152965989999956, -9.900852861999937 ], [ -37.166842895999899, -9.898786216999916 ], [ -37.179862920999909, -9.898032710999921 ], [ -37.19529632199994, -9.898054737999967 ], [ -37.200147432999955, -9.898061748000014 ], [ -37.226592315, -9.899476225999898 ], [ -37.230091234999946, -9.898505714999978 ], [ -37.235542550999973, -9.896037727999968 ], [ -37.239883452999962, -9.893134923999952 ], [ -37.245533784999935, -9.88698223999998 ], [ -37.24719376699997, -9.884645118999963 ], [ -37.248920672999944, -9.88221383499997 ], [ -37.251102762999928, -9.878103719999981 ], [ -37.256938030999926, -9.860268776999931 ], [ -37.264201190999941, -9.850434719999917 ], [ -37.266230801999917, -9.84840055699992 ], [ -37.285421319999948, -9.830962997999976 ], [ -37.291955505999958, -9.828827443999938 ], [ -37.295529749999929, -9.827908851999961 ], [ -37.297199592999981, -9.827599541999948 ], [ -37.308749168999917, -9.825461312999956 ], [ -37.311683256999942, -9.824493851999932 ], [ -37.312660963000013, -9.824171627999917 ], [ -37.321122200999952, -9.820461773 ], [ -37.333616852999924, -9.806816145999925 ], [ -37.338794563999961, -9.801774260999935 ], [ -37.340068863999967, -9.800533390999938 ], [ -37.341552145999948, -9.799088206 ], [ -37.348312296999914, -9.793121034999924 ], [ -37.354622910999986, -9.789080387999912 ], [ -37.357744089999947, -9.788243926999979 ], [ -37.362815537999985, -9.786884800999967 ], [ -37.369637712000021, -9.785056489999949 ], [ -37.372990018999921, -9.784158085999955 ], [ -37.388689852999974, -9.780736419999908 ], [ -37.395366157999923, -9.778683127999926 ], [ -37.395801054999936, -9.778461186999948 ], [ -37.396235951999948, -9.77823924499997 ], [ -37.397603643999958, -9.777541269999951 ], [ -37.408358788999976, -9.768863418999945 ], [ -37.408891395999902, -9.768529251999919 ], [ -37.41775834500001, -9.762956673999984 ], [ -37.428048788999952, -9.758865717999981 ], [ -37.434493540999931, -9.756985940999879 ], [ -37.450291136999986, -9.753343883999982 ], [ -37.466857656999892, -9.749524555999894 ], [ -37.466384359999985, -9.748744058999886 ], [ -37.469693142000018, -9.74755185 ], [ -37.473704036999969, -9.746837614999976 ], [ -37.488128361999912, -9.746153182999922 ], [ -37.500499827999903, -9.747323796999968 ], [ -37.519248573999981, -9.746036186999923 ], [ -37.522498151, -9.745291489999946 ], [ -37.524216886000012, -9.744897611999953 ], [ -37.527613078999906, -9.744119193999939 ], [ -37.528197344999931, -9.743985429999974 ], [ -37.529041134999936, -9.743792248999977 ], [ -37.553535258999943, -9.74065292200002 ], [ -37.566269334999916, -9.739673128999954 ], [ -37.571901148999956, -9.738724336999965 ], [ -37.578188961999921, -9.736412557999913 ], [ -37.581691944999946, -9.734082288999929 ], [ -37.582745405999979, -9.73338086899998 ], [ -37.59431641899991, -9.723245358999982 ], [ -37.601773837999922, -9.719295440999925 ], [ -37.601924898999989, -9.719215429999966 ], [ -37.60378345500002, -9.71822980299995 ], [ -37.605305691999938, -9.717423255 ], [ -37.621643192, -9.708766931999918 ], [ -37.62574603, -9.704981558999975 ], [ -37.634764140999913, -9.69955138300001 ], [ -37.639184821999933, -9.694705083999949 ], [ -37.645086919999954, -9.691690049999973 ], [ -37.654027238999916, -9.687123573999973 ], [ -37.655604088, -9.68588488699989 ], [ -37.656835751999942, -9.683637602999934 ], [ -37.660328435999915, -9.677264877999963 ], [ -37.666478278999918, -9.66604392399995 ], [ -37.670851714999934, -9.656642548999944 ], [ -37.680814041, -9.64803711499998 ], [ -37.684144688999972, -9.645629402999894 ], [ -37.686877736999975, -9.644581787999901 ], [ -37.693363064999936, -9.642095872 ], [ -37.706091066999939, -9.633933601999939 ], [ -37.711768258999918, -9.631299198999926 ], [ -37.716884202999907, -9.630485009999973 ], [ -37.7170076109999, -9.630483761999958 ], [ -37.725447648999946, -9.630398432999915 ], [ -37.733123809999938, -9.628600353 ], [ -37.736637624999972, -9.627069538999905 ], [ -37.736958757999986, -9.627001535999963 ], [ -37.742720685999956, -9.625781383999906 ], [ -37.747277681999975, -9.625721454999919 ], [ -37.760003682999987, -9.629261572999908 ], [ -37.760261911999955, -9.629333406999901 ], [ -37.761534197999971, -9.629981878 ], [ -37.762064616999986, -9.630252227999986 ], [ -37.764541697999945, -9.63151477099991 ], [ -37.766537083999935, -9.632531798999949 ], [ -37.778676638999926, -9.638719207999952 ], [ -37.781912167999934, -9.639602136999908 ], [ -37.781914206999929, -9.639602693999954 ], [ -37.785088226, -9.638620248999935 ], [ -37.785232715999967, -9.638575402999956 ], [ -37.787292431999951, -9.636451097999959 ], [ -37.788363518000018, -9.634472755999962 ], [ -37.789550285999979, -9.629364094999955 ], [ -37.790363399999933, -9.62586388899998 ], [ -37.79052705499997, -9.625159407999956 ], [ -37.79151517499993, -9.622822731999975 ], [ -37.793100166999977, -9.620607939999953 ], [ -37.795007062999922, -9.619046108999957 ], [ -37.801747908999978, -9.615018781999892 ], [ -37.80706796299998, -9.610104732 ], [ -37.809763860000018, -9.607022469999965 ], [ -37.810579240999978, -9.605320546000012 ], [ -37.811316038000015, -9.601713498 ], [ -37.816442603, -9.597723910999939 ], [ -37.818248297999915, -9.592893892999893 ], [ -37.819787013999957, -9.591709582999957 ], [ -37.823775135999973, -9.59129657399998 ], [ -37.831789409999963, -9.594881017 ], [ -37.833110617999949, -9.594886405999908 ], [ -37.834993182999924, -9.592275633999986 ], [ -37.835501775, -9.59048122499993 ], [ -37.835264762999927, -9.588509570999953 ], [ -37.836553485999971, -9.584547861999987 ], [ -37.8375369419999, -9.583282639999929 ], [ -37.842226001, -9.579416399999957 ], [ -37.843860946999925, -9.578068347999885 ], [ -37.847516562999964, -9.575988921999961 ], [ -37.856112580999948, -9.570454112999954 ], [ -37.863795608999979, -9.56655242299998 ], [ -37.868454347999972, -9.561730907999927 ], [ -37.87695065799997, -9.555649882999933 ], [ -37.886169870999915, -9.550166843999946 ], [ -37.888307513999948, -9.547912145999909 ], [ -37.891225392999964, -9.541576681 ], [ -37.892465529999988, -9.539796824999907 ], [ -37.893489360999972, -9.539402393999957 ], [ -37.894141676999944, -9.539527307999901 ], [ -37.895920275000023, -9.540064892999972 ], [ -37.91003517499994, -9.547150013999911 ], [ -37.91424788099998, -9.548589068999963 ], [ -37.917143641999942, -9.548954205999976 ], [ -37.922429662999974, -9.547835271999944 ], [ -37.926700886999967, -9.546410469 ], [ -37.928601327999914, -9.545553787 ], [ -37.932404041999959, -9.543099626999979 ], [ -37.935399004999965, -9.54191240399998 ], [ -37.948187185999977, -9.538819137999926 ], [ -37.956295151999903, -9.534082722999898 ], [ -37.968866565, -9.532017417999988 ], [ -37.974105702999985, -9.532112754999972 ], [ -37.977797148999962, -9.531454291999935 ], [ -37.985292664999932, -9.527228830999906 ], [ -37.989330174999949, -9.5273587 ], [ -37.992445784, -9.525106181999959 ], [ -37.999281865999926, -9.518068044999911 ], [ -38.000848788999988, -9.517082404999893 ], [ -38.003289897999906, -9.515029908999979 ], [ -38.003082893999924, -9.514667691999939 ], [ -38.003159384999947, -9.510846471999963 ], [ -38.002228411999923, -9.506622495999967 ], [ -37.99794944, -9.49928334 ], [ -37.998865715999955, -9.497656034999974 ], [ -38.000699325999967, -9.496388227999969 ], [ -38.001336233999908, -9.495610771999946 ], [ -38.003829189999941, -9.490640684999946 ], [ -38.008350454999935, -9.483866186999952 ], [ -38.009085726999928, -9.482417330999976 ], [ -38.009151126999924, -9.48096427799992 ], [ -38.010925508999918, -9.478731136999979 ], [ -38.014402821999951, -9.476746312999978 ], [ -38.0187228529999, -9.476577 ], [ -38.019942003999965, -9.475917400999961 ], [ -38.021703538999965, -9.473221414 ], [ -38.021663103, -9.471384207999963 ], [ -38.022154847, -9.469990935999967 ], [ -38.02989537, -9.466930384999955 ], [ -38.03016872699996, -9.466931199999934 ], [ -38.030287803999954, -9.466931556999963 ], [ -38.030306927999938, -9.466931614999968 ], [ -38.030321947999937, -9.466931658999972 ], [ -38.030328556999955, -9.466931677999973 ], [ -38.03041556799996, -9.466931922999905 ], [ -38.030469273999962, -9.466932074999917 ], [ -38.030941170999924, -9.466933404999939 ], [ -38.032934236999985, -9.466939023999959 ], [ -38.036106750999934, -9.465799961999949 ], [ -38.037412315999958, -9.466181570999904 ], [ -38.041215592999961, -9.468470633999942 ], [ -38.043163052999979, -9.468598784999887 ], [ -38.046636608999968, -9.466974018000013 ], [ -38.050542272, -9.464383672999915 ], [ -38.055112280999943, -9.462277467 ], [ -38.055723819, -9.461856044999944 ], [ -38.056094944999977, -9.459923797999942 ], [ -38.056095021999987, -9.4599234 ], [ -38.057555739999962, -9.459201677999967 ], [ -38.06614531699995, -9.458075154999928 ], [ -38.067845752999958, -9.458502624999948 ], [ -38.067846662999941, -9.458502664999951 ], [ -38.068459332999922, -9.457960022999906 ], [ -38.068703098999926, -9.456387935999949 ], [ -38.068227159999893, -9.453724853999962 ], [ -38.06840946599997, -9.452334079 ], [ -38.07025006899994, -9.447981941999966 ], [ -38.073975645, -9.443879475999989 ], [ -38.077759655999913, -9.441106675999983 ], [ -38.079708654999969, -9.440386798999928 ], [ -38.085367933999976, -9.43919298 ], [ -38.087870019999961, -9.43907708899992 ], [ -38.096702556999979, -9.43704194799993 ], [ -38.10894242399992, -9.435621401999988 ], [ -38.113381662999963, -9.436179226999958 ], [ -38.113651093999962, -9.436594784999969 ], [ -38.114652041999911, -9.437271578000011 ], [ -38.118119341999915, -9.442260718999901 ], [ -38.118120110999982, -9.442260555999976 ], [ -38.118120252, -9.442260758 ], [ -38.121365714999939, -9.441571698999912 ], [ -38.12154981699998, -9.441532611999964 ], [ -38.121549849999987, -9.441532604999963 ], [ -38.130180870999936, -9.438699139999912 ], [ -38.135664719999987, -9.438771891999981 ], [ -38.141927809999949, -9.437762883999895 ], [ -38.144599628999956, -9.43954238299996 ], [ -38.151410736999949, -9.442277456999955 ], [ -38.153998476999924, -9.443523105999901 ], [ -38.153999146999979, -9.443523030999895 ], [ -38.15399938599991, -9.443523146 ], [ -38.154949643999927, -9.443416136999932 ], [ -38.155865581999954, -9.441668448000014 ], [ -38.157269571999947, -9.440398192999982 ], [ -38.164646674999972, -9.435758058000015 ], [ -38.166901071999987, -9.434856098 ], [ -38.170744273999915, -9.432022544999935 ], [ -38.174517321999907, -9.430278110999929 ], [ -38.177699916999977, -9.425386438999933 ], [ -38.181251393999929, -9.4258272289999 ], [ -38.181251629999949, -9.425827183999985 ], [ -38.181252303999919, -9.425827268 ], [ -38.183901590999916, -9.42532690099998 ], [ -38.187503586999966, -9.423610490999984 ], [ -38.190890626999902, -9.4229922439999 ], [ -38.191231270999928, -9.422930065999907 ], [ -38.191232197, -9.422929895999982 ], [ -38.19298204699993, -9.422451251999989 ], [ -38.19479296199993, -9.421955902999951 ], [ -38.196661357999979, -9.421444830999942 ], [ -38.196974694999966, -9.421359121999956 ], [ -38.198378211999923, -9.420974961999969 ], [ -38.202569431999962, -9.419828037999928 ], [ -38.204764170000011, -9.418674281999944 ], [ -38.205012804999974, -9.416721782999954 ], [ -38.20474272300001, -9.414713877999908 ], [ -38.203745591999933, -9.40730076299992 ], [ -38.203728958999889, -9.407177104 ], [ -38.203728419999933, -9.407173099000016 ], [ -38.203728403999932, -9.407172981999919 ], [ -38.202926320999914, -9.403177891999942 ], [ -38.202748089999915, -9.402707241999989 ], [ -38.201867867, -9.400382854999961 ], [ -38.201504444999948, -9.399841605999942 ], [ -38.200876579999957, -9.398906517999933 ], [ -38.198575897999937, -9.397354134999919 ], [ -38.194176721999924, -9.394385793999987 ], [ -38.195040640999906, -9.392838585999957 ], [ -38.195367038, -9.392679034 ], [ -38.195367239999925, -9.392678490999945 ], [ -38.195471427999934, -9.3923988569999 ], [ -38.195575587999933, -9.392119298999951 ], [ -38.19557825699998, -9.39211213599998 ], [ -38.195589307, -9.392082477999924 ], [ -38.195667907999933, -9.391871517999968 ], [ -38.195767929999953, -9.391603067999959 ], [ -38.195785380999972, -9.391481298 ], [ -38.195924389999931, -9.390511324999958 ], [ -38.194287003999897, -9.385718744999988 ], [ -38.194475623999963, -9.384934640999948 ], [ -38.197639978999945, -9.382949036999971 ], [ -38.200293092, -9.37943012799996 ], [ -38.201766074999924, -9.375770466999938 ], [ -38.203624427999941, -9.372838446999904 ], [ -38.205573017999967, -9.363648912999928 ], [ -38.208067927999892, -9.360109737999927 ], [ -38.209589020999985, -9.358514687999936 ], [ -38.21482374699994, -9.353025441999968 ], [ -38.214898362999989, -9.353012147999934 ], [ -38.223597373999965, -9.346906371999935 ], [ -38.227232605000012, -9.342753151999933 ], [ -38.232099069999961, -9.335784988999901 ], [ -38.236539596999933, -9.331230343 ], [ -38.237588925999979, -9.32979344899994 ], [ -38.22057541899995, -9.312456340999958 ], [ -38.203080285999953, -9.296901481 ], [ -38.202748929999977, -9.296871059999972 ], [ -38.202032388999932, -9.296805276999947 ], [ -38.191698542999958, -9.295858048999911 ], [ -38.180679035999916, -9.291676924999908 ], [ -38.180483497999901, -9.291602796999904 ], [ -38.17955434799994, -9.291250255999955 ], [ -38.177008031999932, -9.28865338599994 ], [ -38.177007035999935, -9.288653594999957 ], [ -38.173559215999951, -9.285137776999935 ], [ -38.165816715999973, -9.27131869299998 ], [ -38.160740930999928, -9.267522937999978 ], [ -38.157982654999969, -9.263829619000013 ], [ -38.157377789999927, -9.262619211999962 ], [ -38.157416455999929, -9.260171386999932 ], [ -38.156419480999951, -9.255239558999989 ], [ -38.156367913999951, -9.249385485999944 ], [ -38.156367969999955, -9.249385451999942 ], [ -38.156365720999943, -9.249126715999939 ], [ -38.156306060999981, -9.242363767999922 ], [ -38.152245941999958, -9.234852372999974 ], [ -38.148626946999926, -9.230774062999952 ], [ -38.145976305, -9.222437632999952 ], [ -38.144989804999987, -9.221164082999916 ], [ -38.143908300999946, -9.218204800999935 ], [ -38.140938325999969, -9.216543484999967 ], [ -38.139615238000012, -9.215300166999945 ], [ -38.135238042999944, -9.213955913999921 ], [ -38.128357966999921, -9.209105515999966 ], [ -38.122343642999937, -9.203749579999926 ], [ -38.119247468, -9.201803132 ], [ -38.117859902999946, -9.200019097999906 ], [ -38.115369969999982, -9.198360087999951 ], [ -38.114054642999953, -9.19400114099998 ], [ -38.104693320999978, -9.184598478999956 ], [ -38.102578765, -9.180207653999922 ], [ -38.0986789419999, -9.179307089999927 ], [ -38.097817790999969, -9.178699360999914 ], [ -38.095156814999982, -9.175045082999894 ], [ -38.095156309999936, -9.175044674999949 ], [ -38.092287330999966, -9.172724977999952 ], [ -38.082566254999975, -9.170585256000013 ], [ -38.082566136999965, -9.170585230000011 ], [ -38.079262441, -9.170533153999965 ], [ -38.074928683999893, -9.171317159999909 ], [ -38.066097989999939, -9.17421991199992 ], [ -38.063904005999952, -9.173780562999983 ], [ -38.060536678999959, -9.171517014999926 ], [ -38.058786766999944, -9.169275989999953 ], [ -38.056980741, -9.167625556999909 ], [ -38.056980681, -9.167625500999989 ], [ -38.053503943999914, -9.167693196 ], [ -38.052744995999916, -9.167818768999908 ], [ -38.046176760999934, -9.168908526999925 ], [ -38.044541647, -9.168815496999954 ], [ -38.044540737999924, -9.168815452999951 ], [ -38.032154601999963, -9.164860956999959 ], [ -38.032154379999945, -9.164860885999953 ], [ -38.030292301999978, -9.16494815799998 ], [ -38.030291528, -9.164948193999983 ], [ -38.029510009, -9.164513065999952 ], [ -38.029210710999919, -9.158722115999979 ], [ -38.027342833, -9.156573996999967 ], [ -38.025787032999972, -9.155506218 ], [ -38.020783997999914, -9.15521516599998 ], [ -38.014925682999966, -9.156081946999933 ], [ -38.011012914999959, -9.156028012 ], [ -38.011012868999956, -9.156027986 ], [ -38.011012005999973, -9.156027972999908 ], [ -38.009043500999987, -9.154865075999968 ], [ -38.006653600999954, -9.154153240999957 ], [ -38.005374713, -9.15443619099992 ], [ -37.999482367, -9.152243625999962 ], [ -37.993658896999911, -9.155333206999977 ], [ -37.990986646999964, -9.155376341 ], [ -37.990986540999955, -9.1553762889999 ], [ -37.990985736999974, -9.155376302 ], [ -37.987539720999962, -9.153685926000016 ], [ -37.985514219999963, -9.151623728999919 ], [ -37.984652163999961, -9.149789764999966 ], [ -37.981340068999927, -9.149289671999977 ], [ -37.979351707999982, -9.148363062999959 ], [ -37.978563344999941, -9.147661862999939 ], [ -37.978138099999931, -9.146093209999911 ], [ -37.978038093999913, -9.143231898999954 ], [ -37.977294446999935, -9.14159567399993 ], [ -37.976201857999953, -9.136189869999939 ], [ -37.975540529999947, -9.13494241599993 ], [ -37.971757928999963, -9.131041712999949 ], [ -37.971038758999967, -9.128274463999958 ], [ -37.971459409999959, -9.125692499999932 ], [ -37.971199823999974, -9.124341893999915 ], [ -37.968789659999949, -9.122704709999901 ], [ -37.962336840999924, -9.120577688999948 ], [ -37.961582401999941, -9.120129920999936 ], [ -37.957567768999951, -9.115629736999914 ], [ -37.95484958199993, -9.111314584999924 ], [ -37.954303302999939, -9.109525746999974 ], [ -37.95430411400001, -9.10952493 ], [ -37.953267493999945, -9.106130962999931 ], [ -37.953374504999921, -9.103374671999958 ], [ -37.951764037999986, -9.099783858999949 ], [ -37.95195204799991, -9.098241492999964 ], [ -37.951685037999937, -9.0975429719999 ], [ -37.951685674999986, -9.097542301999933 ], [ -37.95159674, -9.097309640999956 ], [ -37.951596212999952, -9.097309212999923 ], [ -37.950644993999944, -9.096537247999908 ], [ -37.947768081999939, -9.09576948699989 ], [ -37.944564252999974, -9.092732578999968 ], [ -37.942684657999976, -9.09221889599992 ], [ -37.942128969999914, -9.090232876 ], [ -37.942731694999956, -9.089178731999908 ], [ -37.942544423999919, -9.088116365999937 ], [ -37.939446521999926, -9.083917268999958 ], [ -37.939137749999958, -9.083254120999978 ], [ -37.937676236999913, -9.080115237999969 ], [ -37.935703539999935, -9.078571194999935 ], [ -37.929791280999964, -9.071279992 ], [ -37.920291473999981, -9.063793674 ], [ -37.918459806999955, -9.061414957999908 ], [ -37.917286046999912, -9.060799786 ], [ -37.912375923, -9.05593046799989 ], [ -37.907875535999949, -9.052218278999963 ], [ -37.90709357699992, -9.051157956999894 ], [ -37.906538196999975, -9.042953205999954 ], [ -37.905735326999974, -9.040992890999938 ], [ -37.904932236999962, -9.040235797 ], [ -37.900285362999966, -9.038279451999959 ], [ -37.896317381999928, -9.037867771 ], [ -37.892822923999987, -9.036874945999923 ], [ -37.89137324099994, -9.035323882999929 ], [ -37.889767741999975, -9.034794266999896 ], [ -37.887706553999962, -9.035073891999939 ], [ -37.885565132999972, -9.037291983999967 ], [ -37.883790264999931, -9.040055209999892 ], [ -37.882707476999961, -9.040663538999954 ], [ -37.880983752999981, -9.040346760999945 ], [ -37.878261569999985, -9.036955979999966 ], [ -37.877569826999952, -9.035376051999982 ], [ -37.877208611999905, -9.031100830999922 ], [ -37.875228041999911, -9.024622000999965 ], [ -37.875599243999972, -9.022669777 ], [ -37.878527522999967, -9.018962173 ], [ -37.879457601999917, -9.017090133999922 ], [ -37.879597647999958, -9.015413842999958 ], [ -37.877617949999937, -9.013286551999983 ], [ -37.874486205999986, -9.011515009999954 ], [ -37.872542038999974, -9.011841365999956 ], [ -37.867152282999974, -9.011631221999977 ], [ -37.863802741999947, -9.008660457999934 ], [ -37.853093685999923, -9.000139645999955 ], [ -37.852276357999976, -8.997696709999975 ], [ -37.852275197999965, -8.997696600999966 ], [ -37.850319312999964, -8.991852223999924 ], [ -37.846007952000022, -8.984771041999956 ], [ -37.839098145999934, -8.978381049999978 ], [ -37.834204625999959, -8.959841893999926 ], [ -37.831515670999963, -8.952943199999957 ], [ -37.827313286999981, -8.937819616999981 ], [ -37.826001056999942, -8.934244715999956 ], [ -37.82599829, -8.934237175999954 ], [ -37.825333840999981, -8.932428260999941 ], [ -37.826233659, -8.932716849000016 ], [ -37.832143883999983, -8.928255661999934 ], [ -37.833637042999982, -8.926411767999959 ], [ -37.832321050999987, -8.924558104999974 ], [ -37.828497319999983, -8.921785907999929 ], [ -37.827085759999896, -8.920762828999925 ], [ -37.827085753999896, -8.920762560999989 ], [ -37.827068723, -8.920013731999937 ], [ -37.82731270299994, -8.918468527999984 ], [ -37.827439386999934, -8.917296848999939 ], [ -37.827439635999959, -8.917294544999926 ], [ -37.82727974799996, -8.917137922999936 ], [ -37.827247704999969, -8.917106535 ], [ -37.827243767, -8.916953916999987 ], [ -37.827210286999986, -8.916842318 ], [ -37.827187966999915, -8.916708398999923 ], [ -37.827154487999984, -8.916574478999944 ], [ -37.827098688, -8.916485199999929 ], [ -37.827020568, -8.916418239999896 ], [ -37.826931288999987, -8.916351280999951 ], [ -37.826897808999973, -8.916250840999989 ], [ -37.82686432899996, -8.916150400999939 ], [ -37.826797369999923, -8.916027642 ], [ -37.826819688999905, -8.915931927999981 ], [ -37.826827485999928, -8.915751200999951 ], [ -37.826803350999974, -8.915678795999909 ], [ -37.826779215999935, -8.915606390999958 ], [ -37.826586135999946, -8.915558120999961 ], [ -37.826441325999951, -8.915509850999964 ], [ -37.826344785999957, -8.91541331099997 ], [ -37.826151705999969, -8.915268500999979 ], [ -37.826103435999975, -8.915171960999984 ], [ -37.826103435999975, -8.915027150999904 ], [ -37.825958625999895, -8.914882340999913 ], [ -37.825813815999901, -8.914785800999919 ], [ -37.825572466, -8.914592720999931 ], [ -37.825379385999931, -8.914447909999939 ], [ -37.825138035999942, -8.914206560999954 ], [ -37.824944955999953, -8.914061750999963 ], [ -37.824751875999965, -8.913965210999969 ], [ -37.824751875999965, -8.913916939999972 ], [ -37.824607065999977, -8.913820400999978 ], [ -37.824592352999915, -8.913805688 ], [ -37.824462255999983, -8.913675589999986 ], [ -37.824317446, -8.9136273199999 ], [ -37.824124366, -8.91343424 ], [ -37.824076095999921, -8.913337699999918 ], [ -37.823979556000012, -8.913096349999932 ], [ -37.823883015999932, -8.912951539999943 ], [ -37.823738205999938, -8.912758459999953 ], [ -37.823641665999943, -8.912565379999965 ], [ -37.823448585999955, -8.912517109999968 ], [ -37.823303775999968, -8.912275759999982 ], [ -37.823255505999967, -8.912179219999899 ], [ -37.823207235999973, -8.91208268 ], [ -37.822917616, -8.9118413299999 ], [ -37.822869345999905, -8.911744789999926 ], [ -37.822772805999911, -8.911648249999931 ], [ -37.822579725999923, -8.911406899999946 ], [ -37.822483185999928, -8.911262089999955 ], [ -37.82238664600002, -8.911117279999964 ], [ -37.822358200999886, -8.911074612999897 ], [ -37.82229010599994, -8.910972469999972 ], [ -37.822048755999951, -8.910779389999984 ], [ -37.821903945999964, -8.910682849999901 ], [ -37.821759134999972, -8.910538039999899 ], [ -37.821324704999917, -8.910151879999933 ], [ -37.821131624999921, -8.909813989999954 ], [ -37.820986814999927, -8.909524369999971 ], [ -37.820890274999933, -8.909331289999983 ], [ -37.820793734999938, -8.909089939999909 ], [ -37.820697194999944, -8.90904167 ], [ -37.82060065499995, -8.908993399999915 ], [ -37.820455844999962, -8.90889686 ], [ -37.820359304999968, -8.908703779999932 ], [ -37.820359304999968, -8.908462429999947 ], [ -37.820359304999968, -8.908269349999959 ], [ -37.820359304999968, -8.907979729999976 ], [ -37.820359304999968, -8.90773838 ], [ -37.820359304999968, -8.907497029999917 ], [ -37.820455844999962, -8.907207408999934 ], [ -37.820552384999957, -8.907014328999946 ], [ -37.820552384999957, -8.906821248999957 ], [ -37.820648924999958, -8.906676438999966 ], [ -37.820648924999958, -8.906483358999978 ], [ -37.820648924999958, -8.906145469 ], [ -37.820648924999958, -8.905855849000016 ], [ -37.820552384999957, -8.905614498999942 ], [ -37.820552384999957, -8.905517958999948 ], [ -37.82060065499995, -8.905373148999956 ], [ -37.82060065499995, -8.904986988999982 ], [ -37.820648924999958, -8.904745638999906 ], [ -37.820793734999938, -8.904552559 ], [ -37.820793734999938, -8.904359478999929 ], [ -37.820793734999938, -8.904021588999949 ], [ -37.820793734999938, -8.903780238999964 ], [ -37.820890274999933, -8.903490618999982 ], [ -37.820938544999933, -8.903152728999913 ], [ -37.820938544999933, -8.903007918999922 ], [ -37.820938544999933, -8.902863108999931 ], [ -37.820938544999933, -8.902621758999945 ], [ -37.820853570999915, -8.902508459999986 ], [ -37.820697194999944, -8.902283868999966 ], [ -37.820697194999944, -8.902235598999969 ], [ -37.820697194999944, -8.902187328999972 ], [ -37.82060065499995, -8.902090788999978 ], [ -37.820552384999957, -8.901945978999986 ], [ -37.820455844999962, -8.901801169 ], [ -37.820359304999968, -8.901656358999915 ], [ -37.820359304999968, -8.901463278999927 ], [ -37.820407574999962, -8.901463278999927 ], [ -37.820407574999962, -8.901318468999936 ], [ -37.820359304999968, -8.901028848999953 ], [ -37.820359304999968, -8.900690957999885 ], [ -37.820359304999968, -8.900497877999985 ], [ -37.820359304999968, -8.900208258 ], [ -37.820504114999956, -8.899918637999932 ], [ -37.820504114999956, -8.899677287999946 ], [ -37.820745464999945, -8.899532477999955 ], [ -37.820745464999945, -8.899339397999967 ], [ -37.820745464999945, -8.899242857999973 ], [ -37.820890274999933, -8.899194587999975 ], [ -37.820890274999933, -8.899098047999892 ], [ -37.820986814999927, -8.898953237999901 ], [ -37.821083355000013, -8.898808427999912 ], [ -37.821083355000013, -8.898711888 ], [ -37.821179894999915, -8.898567077999925 ], [ -37.821228165, -8.898373997999936 ], [ -37.821324704999917, -8.898277457999942 ], [ -37.821517785999987, -8.898229187999945 ], [ -37.821566055999895, -8.898229187999945 ], [ -37.821662595999975, -8.898132647999951 ], [ -37.821710865999982, -8.898084377999954 ], [ -37.821807405999969, -8.898036107999957 ], [ -37.821807405999969, -8.89764994799998 ], [ -37.821903945999964, -8.89764994799998 ], [ -37.822000485999958, -8.8975051379999 ], [ -37.822048755999951, -8.897360327999909 ], [ -37.82229010599994, -8.897215517999918 ], [ -37.82229010599994, -8.897070707999926 ], [ -37.82229010599994, -8.896974167999932 ], [ -37.822338375999934, -8.896877627999938 ], [ -37.822396501999947, -8.896433032999923 ], [ -37.823001040999962, -8.896206887999952 ], [ -37.823519664999985, -8.895369111 ], [ -37.824157971999945, -8.893533978999951 ], [ -37.824437230999955, -8.892097788999958 ], [ -37.824352775999984, -8.891732843999961 ], [ -37.824344161999896, -8.891393089 ], [ -37.824268321000012, -8.891367898999963 ], [ -37.823883972999923, -8.89124024099997 ], [ -37.819713479, -8.889855046999934 ], [ -37.817246860999923, -8.886612479999961 ], [ -37.811802502999939, -8.88474692499997 ], [ -37.805306182999956, -8.883703969999917 ], [ -37.805305539, -8.883703866999909 ], [ -37.801232964999919, -8.884712520999965 ], [ -37.801232309999946, -8.884712682999981 ], [ -37.796125521999919, -8.880690335999969 ], [ -37.794979562999956, -8.877606896000017 ], [ -37.793171478000012, -8.875444092999945 ], [ -37.787890865999898, -8.87388681099997 ], [ -37.785260490999953, -8.869717496999968 ], [ -37.782792376999936, -8.867016127999921 ], [ -37.782631055, -8.866092514999973 ], [ -37.783047128999961, -8.865015565999951 ], [ -37.783047196999966, -8.865015391999936 ], [ -37.779826304000018, -8.865466728999976 ], [ -37.779825575999951, -8.865466830999896 ], [ -37.776035930000013, -8.862514627999968 ], [ -37.77603568, -8.862514432999951 ], [ -37.76934274, -8.864110040999989 ], [ -37.769341930999929, -8.864110233999916 ], [ -37.767948474, -8.860869161999979 ], [ -37.767948334, -8.860868836999952 ], [ -37.766301392999971, -8.859554113999973 ], [ -37.764775810999957, -8.858473579999922 ], [ -37.761604002999974, -8.856227061999938 ], [ -37.761603953999973, -8.856227025999935 ], [ -37.758961835999941, -8.856218513999941 ], [ -37.758841286999917, -8.856551281999941 ], [ -37.758212140999909, -8.858295848999958 ], [ -37.758205477999979, -8.859836578999897 ], [ -37.756633464999936, -8.861139486999964 ], [ -37.75182238, -8.867594954999941 ], [ -37.750332835999984, -8.867975752999918 ], [ -37.748757280999918, -8.870281301999988 ], [ -37.749000643999977, -8.871360579999937 ], [ -37.748001848999941, -8.873930527999946 ], [ -37.748616715999923, -8.875165536999901 ], [ -37.746463395000013, -8.877083768999988 ], [ -37.746992344999988, -8.879473932999954 ], [ -37.746035827999982, -8.881166305 ], [ -37.74611164, -8.883131783999916 ], [ -37.745118677999947, -8.883898916999971 ], [ -37.743877848999958, -8.884009674999987 ], [ -37.741594949999985, -8.887660848999928 ], [ -37.737709131, -8.888418648000012 ], [ -37.737708434999931, -8.888418783999935 ], [ -37.736433681999976, -8.887373875999989 ], [ -37.73643347799996, -8.887373707999886 ], [ -37.735193677999959, -8.887601980999943 ], [ -37.732987834999967, -8.892641186999978 ], [ -37.733437304999953, -8.8939885099999 ], [ -37.735084566, -8.895613378999961 ], [ -37.734292297999986, -8.897651983999971 ], [ -37.731315535999983, -8.898413069999972 ], [ -37.729942953999924, -8.901105362999978 ], [ -37.727952616, -8.903371190999959 ], [ -37.726837368, -8.903788972999976 ], [ -37.726836995999975, -8.903789112999988 ], [ -37.725434546999928, -8.903323776999944 ], [ -37.725433854999963, -8.903323546999925 ], [ -37.724565317999954, -8.904092221999932 ], [ -37.726662741999945, -8.906063402999958 ], [ -37.724055394999951, -8.907825254999985 ], [ -37.724214389999958, -8.909213443999914 ], [ -37.723130785, -8.912830898 ], [ -37.721675073, -8.915522962999983 ], [ -37.71914994499997, -8.917053939 ], [ -37.718401103, -8.918630162999946 ], [ -37.712854140999966, -8.921963427999962 ], [ -37.707879149999918, -8.927800502999933 ], [ -37.70538165399995, -8.933030821999971 ], [ -37.70471837399996, -8.933644305000016 ], [ -37.705209079999975, -8.934878436999988 ], [ -37.70321788899998, -8.937644936 ], [ -37.703272186999939, -8.938130321999932 ], [ -37.702243669999902, -8.941260414999924 ], [ -37.70250829299998, -8.942461489 ], [ -37.703418787, -8.943789995999968 ], [ -37.703500523999914, -8.944272194999897 ], [ -37.70232524199993, -8.946528234999956 ], [ -37.702186254999972, -8.948195321999957 ], [ -37.697652689999941, -8.950580662999968 ], [ -37.690092163999928, -8.956156343999982 ], [ -37.688371864999965, -8.959216765999983 ], [ -37.687222629, -8.96234750099994 ], [ -37.684627725999967, -8.966473451999907 ], [ -37.684017615999934, -8.968404127999957 ], [ -37.684204635999954, -8.972006689999962 ], [ -37.684867180999973, -8.974211638999968 ], [ -37.688505322, -8.978759078999904 ], [ -37.692950185999969, -8.981973536999948 ], [ -37.693616508999945, -8.98304461399993 ], [ -37.697568987999944, -8.983858498999947 ], [ -37.698872657999985, -8.984530182999922 ], [ -37.700073802999981, -8.986067076999987 ], [ -37.701211892999915, -8.986538496 ], [ -37.701212458999962, -8.986538392999904 ], [ -37.701720448999893, -8.986446006999898 ], [ -37.703358135999949, -8.986147507999892 ], [ -37.702153094999986, -8.989276018999931 ], [ -37.70215076299997, -8.989279372999942 ], [ -37.701688262999895, -8.989944513999909 ], [ -37.701365615999933, -8.99040718299991 ], [ -37.701860905999965, -8.992209177999971 ], [ -37.698844934, -8.992463773999898 ], [ -37.698844231999942, -8.992463832999903 ], [ -37.696569957999976, -8.991391532 ], [ -37.696569456999931, -8.991391295999978 ], [ -37.694790901999944, -8.99225185799995 ], [ -37.694790274999981, -8.992252159999975 ], [ -37.693455813999968, -8.990646035999955 ], [ -37.690308551999976, -8.989835076 ], [ -37.689469058999975, -8.990299683999986 ], [ -37.689260647999959, -8.992298814000016 ], [ -37.687309534999905, -8.994225476999912 ], [ -37.686129845, -8.996222381999935 ], [ -37.686193386999925, -8.997156399999945 ], [ -37.687599266999896, -8.997762892999944 ], [ -37.687597212, -8.998361633999924 ], [ -37.687554494000011, -8.998372066999899 ], [ -37.68704840499997, -8.998495677999914 ], [ -37.68693981899996, -8.998522199999975 ], [ -37.685986009, -8.998755164999977 ], [ -37.685985634999966, -8.998754994999963 ], [ -37.685985100000011, -8.998755125999974 ], [ -37.677821996999967, -8.995058132999972 ], [ -37.674543936999989, -8.992980201999989 ], [ -37.668922744999939, -8.990624923999984 ], [ -37.666884215000024, -8.988950619 ], [ -37.661648378999971, -8.987248335999936 ], [ -37.661648153999955, -8.987248006 ], [ -37.661647933000026, -8.987248190999924 ], [ -37.660754438, -8.98799491399998 ], [ -37.661150596, -8.98992902799996 ], [ -37.660899559, -8.994332397999965 ], [ -37.661896504999987, -8.996601978999902 ], [ -37.661857899999987, -8.998269543999942 ], [ -37.663933484999951, -8.998743632 ], [ -37.664064986, -8.999544692999933 ], [ -37.663591799999921, -9.000409594999908 ], [ -37.660707033999977, -9.000999257999936 ], [ -37.661196230999956, -9.004802401999928 ], [ -37.659093004999924, -9.006486228999982 ], [ -37.655712215999976, -9.007564553999941 ], [ -37.651285715, -9.011100095 ], [ -37.649432662999985, -9.013829150999936 ], [ -37.647618408999975, -9.014889829999944 ], [ -37.647480606999949, -9.015822919999966 ], [ -37.646337021, -9.01708630699996 ], [ -37.643884561999947, -9.018343263999956 ], [ -37.643883948999985, -9.01834307399994 ], [ -37.643883653999957, -9.018343224999953 ], [ -37.641671223999957, -9.017657653999983 ], [ -37.63879846599994, -9.016191095999964 ], [ -37.63541637699997, -9.01524575 ], [ -37.628124939999921, -9.014913566999954 ], [ -37.628124030999935, -9.014913526999951 ], [ -37.626138851999904, -9.014375384999923 ], [ -37.6261388, -9.014375163999905 ], [ -37.620982698999967, -9.01232183799992 ], [ -37.619176401999901, -9.011182926999922 ], [ -37.615327509999943, -9.009899991999909 ], [ -37.611513380999931, -9.005879510999964 ], [ -37.611423300999938, -9.005484984 ], [ -37.61196136799996, -9.004952904999946 ], [ -37.615784787999942, -9.004168170999943 ], [ -37.616064920999939, -9.00110259499996 ], [ -37.616771040999922, -9.000636844999971 ], [ -37.615513692999983, -8.996563174999977 ], [ -37.615853238999925, -8.995164648 ], [ -37.61518573299994, -8.994361716 ], [ -37.61456945099993, -8.98915828799996 ], [ -37.611003382000014, -8.983743626999948 ], [ -37.608661815999895, -8.982467255999943 ], [ -37.607394185, -8.981195881999909 ], [ -37.603278006999943, -8.979179885 ], [ -37.602413691000017, -8.977552522999904 ], [ -37.600835732999933, -8.976121775999918 ], [ -37.594344751999948, -8.975543485999943 ], [ -37.592001702999973, -8.974734330999961 ], [ -37.589262099999956, -8.972656320999889 ], [ -37.583608145999953, -8.970166936999973 ], [ -37.576124879999931, -8.972873497999917 ], [ -37.576123974999945, -8.972873454 ], [ -37.570396129999956, -8.972585050999943 ], [ -37.570395229999967, -8.972585007999939 ], [ -37.565967009999952, -8.97370045599995 ], [ -37.562414975999957, -8.973953766999948 ], [ -37.562414273999892, -8.973953816999952 ], [ -37.557896699999944, -8.972001619999986 ], [ -37.555827710999907, -8.969992437999924 ], [ -37.55549753599994, -8.968924047999987 ], [ -37.555737498999989, -8.967593001 ], [ -37.554736020999904, -8.96645501899998 ], [ -37.54928266799989, -8.964032367999989 ], [ -37.546697131, -8.961461921999941 ], [ -37.541062494999913, -8.95839851199996 ], [ -37.541062301, -8.958398405999951 ], [ -37.53968731899991, -8.958527469999972 ], [ -37.536932464999964, -8.960249199999964 ], [ -37.533243153999891, -8.960702765999923 ], [ -37.532404728999971, -8.961333984999925 ], [ -37.53009972499995, -8.963069614999913 ], [ -37.524318330999968, -8.964963295999922 ], [ -37.519419337999985, -8.9665682 ], [ -37.516974750999957, -8.967369044999934 ], [ -37.50003828699991, -8.967974073999901 ], [ -37.495418796999964, -8.966636625 ], [ -37.490339674, -8.965906422999975 ], [ -37.48700578899993, -8.975556487999953 ], [ -37.488578606999951, -8.983529276999974 ], [ -37.488911555999962, -8.985217035999909 ], [ -37.489640450999964, -8.988911883 ], [ -37.489900882999933, -8.990232040999985 ], [ -37.490513065999956, -8.993335265999974 ], [ -37.490895000999942, -8.995271338999938 ], [ -37.492480410000027, -8.998274854999938 ], [ -37.49375685199994, -9.000691387999954 ], [ -37.485547934999921, -9.009379604999928 ], [ -37.482206502999944, -9.012915473999922 ], [ -37.47878195000002, -9.019551950999954 ], [ -37.473033705999939, -9.023928646999973 ], [ -37.469371400999954, -9.027675321999912 ], [ -37.461979088, -9.028442309999956 ], [ -37.445978259999919, -9.026610466999912 ], [ -37.440454276, -9.027490957999934 ], [ -37.434139198000011, -9.02955242899997 ], [ -37.428280954999977, -9.032372453999887 ], [ -37.424303407999943, -9.037267041999947 ], [ -37.420589708999977, -9.041836950999965 ], [ -37.418455558999966, -9.043829735 ], [ -37.414067346999971, -9.046317333999948 ], [ -37.405562988999932, -9.049434979999976 ], [ -37.39878566699997, -9.053363666999964 ], [ -37.392300580999944, -9.055725346999971 ], [ -37.386037719999912, -9.058006070999943 ], [ -37.372759658999961, -9.065914959999915 ], [ -37.340539556999921, -9.079523250999927 ], [ -37.338883673999959, -9.080222378999952 ], [ -37.337167271999967, -9.080773900999935 ], [ -37.336827185999894, -9.080883179999915 ], [ -37.336827120999978, -9.080883069 ], [ -37.336332660000011, -9.081042082999918 ], [ -37.335083098, -9.081443598999922 ], [ -37.333649867, -9.082496556 ], [ -37.331990447999914, -9.08861448199994 ], [ -37.330785771999977, -9.090814902999927 ], [ -37.327702417999944, -9.09322565099991 ], [ -37.323868658, -9.094039936999961 ], [ -37.32386811199995, -9.094040053999969 ], [ -37.322117356999954, -9.093285362999964 ], [ -37.317453121999947, -9.092401931999966 ], [ -37.314804138999975, -9.094965190999954 ], [ -37.314391942999976, -9.096812651999958 ], [ -37.310699492999987, -9.100418767999901 ], [ -37.310676731999976, -9.102557892999879 ], [ -37.311453604999947, -9.104981586999955 ], [ -37.311058129999914, -9.107544854999944 ], [ -37.303733989999913, -9.116936524999948 ], [ -37.296805079999935, -9.120789393999967 ], [ -37.296572112999932, -9.120919002999944 ], [ -37.287929928999944, -9.136349427 ], [ -37.282286716999941, -9.148841849999961 ], [ -37.280898117999975, -9.150275569999927 ], [ -37.278927702999923, -9.1511361469999 ], [ -37.278864883999965, -9.152045601999919 ], [ -37.278488390999904, -9.152500523 ], [ -37.277809944999902, -9.153320295999961 ], [ -37.276315189999949, -9.153531195999914 ], [ -37.270976914999949, -9.155823550999958 ], [ -37.268201881999936, -9.158242468 ], [ -37.266559124, -9.159048764 ], [ -37.266558215000011, -9.159048724999913 ], [ -37.262559525, -9.158881706999949 ], [ -37.262557707000028, -9.158881626999943 ], [ -37.2622287, -9.159283148999947 ], [ -37.262613814999959, -9.160951706999981 ], [ -37.262008198999943, -9.163711722 ], [ -37.260846206999901, -9.16448896 ], [ -37.260043313, -9.165026002999937 ], [ -37.260043073999974, -9.165025714999913 ], [ -37.259942527, -9.165093417 ], [ -37.25983973599994, -9.165162628999962 ], [ -37.255253057999951, -9.170258006999937 ], [ -37.252994120000011, -9.173449964999985 ], [ -37.249252848999987, -9.176420396999912 ], [ -37.248592776, -9.178206577 ], [ -37.247083411, -9.179018503999941 ], [ -37.245223247, -9.183660409999968 ], [ -37.243231902999987, -9.186037853999945 ], [ -37.245171088999946, -9.187567116999912 ], [ -37.24678577, -9.190382352999965 ], [ -37.244615278999966, -9.193240843999956 ], [ -37.243002330999914, -9.196397766999947 ], [ -37.240618975999979, -9.198475264999978 ], [ -37.240864594999962, -9.199780527999973 ], [ -37.239172883999963, -9.203318635999974 ], [ -37.236750036999958, -9.203669975 ], [ -37.234813478999953, -9.204532049999919 ], [ -37.233557021999914, -9.206585843999942 ], [ -37.233559750999959, -9.210850959999966 ], [ -37.232615579, -9.211911051999927 ], [ -37.233035473999927, -9.217526433999939 ], [ -37.232356514999971, -9.222316979999917 ], [ -37.230400166999935, -9.22360098699993 ], [ -37.22878385799995, -9.225536017999985 ], [ -37.229226004999944, -9.226853686999942 ], [ -37.229235621999941, -9.226882346999915 ], [ -37.230399263999942, -9.230350185999963 ], [ -37.231006527, -9.230976743999936 ], [ -37.233893072999919, -9.232149277999962 ], [ -37.234424184999988, -9.23413621 ], [ -37.234010520999952, -9.236853909999937 ], [ -37.234341818999923, -9.24017569999998 ], [ -37.234340849999938, -9.240175058000016 ], [ -37.230448673999945, -9.237595909999957 ], [ -37.22281232199996, -9.230853683999968 ], [ -37.220308504999913, -9.228031474999959 ], [ -37.216167307999932, -9.226264231999931 ], [ -37.212172267999961, -9.221117078999935 ], [ -37.208920027999987, -9.220179275999968 ], [ -37.207534844999948, -9.218315014999989 ], [ -37.207534145999979, -9.218314552999956 ], [ -37.207533935999962, -9.218314973999989 ], [ -37.206527895999947, -9.217651665999909 ], [ -37.202310514999965, -9.217860367999947 ], [ -37.202310245999939, -9.217860294999941 ], [ -37.202309605999979, -9.217860326999944 ], [ -37.200645096999921, -9.217413158999893 ], [ -37.198315247999972, -9.215482639999944 ], [ -37.198314839999938, -9.215482301999916 ], [ -37.159863903999948, -9.23824861 ], [ -37.158946681, -9.239101720999937 ], [ -37.158587686999958, -9.24012757 ], [ -37.160750427999943, -9.243969246999978 ], [ -37.164169, -9.246908882999932 ], [ -37.168282607, -9.251825936999985 ], [ -37.169721595999967, -9.257963413999942 ], [ -37.168612025, -9.263003023999921 ], [ -37.16908018299992, -9.265591970999903 ], [ -37.169386329999938, -9.272433966999888 ], [ -37.164334367, -9.275705102999915 ], [ -37.156530069999974, -9.273415570999926 ], [ -37.15258258099994, -9.27067478 ], [ -37.150986210000021, -9.270268052999914 ], [ -37.150985976999912, -9.270268213999927 ], [ -37.14239394, -9.268079277 ], [ -37.129920327999983, -9.260063411999969 ], [ -37.129920952999946, -9.260062218999959 ], [ -37.12991910299997, -9.2600610299999 ], [ -37.129918637999928, -9.260060730999925 ], [ -37.129373288999929, -9.259000042 ], [ -37.126262149, -9.252952405999931 ], [ -37.123158281999949, -9.249139785999954 ], [ -37.116475236999975, -9.24093070000001 ], [ -37.108175077999952, -9.23871594 ], [ -37.108173746999931, -9.238715584999962 ], [ -37.106271003999979, -9.239783441999943 ], [ -37.09860832599994, -9.244083504999928 ], [ -37.09067202300001, -9.246362030999894 ], [ -37.080904818999933, -9.25400164299997 ], [ -37.078112948999944, -9.256264886999915 ], [ -37.072556771999956, -9.262539664999952 ], [ -37.067302856, -9.267240233999946 ], [ -37.063254502999968, -9.274130428000012 ], [ -37.057199612, -9.281788384 ], [ -37.058331699999975, -9.29134560399994 ], [ -37.061923718999907, -9.297368673999934 ], [ -37.061669406, -9.304161945999972 ], [ -37.060786965, -9.307958142999922 ], [ -37.059367668999982, -9.313151551999926 ], [ -37.057585951, -9.317536392999909 ], [ -37.057256532999922, -9.312943299999926 ], [ -37.055341924999958, -9.307447815999975 ], [ -37.055339885999963, -9.307447092999915 ], [ -37.054454459999889, -9.307133086999958 ], [ -37.054453995999943, -9.307133485 ], [ -37.054452641999916, -9.307133003999951 ], [ -37.053063205999976, -9.308322953 ], [ -37.050849175999929, -9.311623385999962 ], [ -37.047524885999941, -9.314891291999988 ], [ -37.045529217999935, -9.315881606999948 ], [ -37.043408004999925, -9.316335006999982 ], [ -37.039792528999918, -9.316212410999963 ], [ -37.039790796999952, -9.316212351999958 ], [ -37.032282546, -9.314090340999975 ], [ -37.02851327399997, -9.31401704299995 ], [ -37.024291631, -9.31571512299994 ], [ -37.020599156999914, -9.319854984999903 ], [ -37.018379797999962, -9.323927576999985 ], [ -37.01674399099997, -9.329876056999936 ], [ -37.012841577999936, -9.339330542999985 ], [ -37.006829182999937, -9.346820406999928 ], [ -37.003366361999952, -9.352613319999886 ], [ -36.991267545999953, -9.356493955999984 ], [ -36.982432162999977, -9.358317496999964 ], [ -36.979640393999908, -9.359328251999926 ], [ -36.979081182999913, -9.35953071299998 ] ] ] } }
]
}
